"","LocTrap","year","season"
"1","FBG01",2010,"spring"
"2","FBG01",2010,"summer"
"3","FBG02",2010,"spring"
"4","FBG02",2010,"summer"
"5","FBG03",2010,"spring"
"6","FBG03",2010,"summer"
"7","FBG04",2010,"spring"
"8","FBG04",2010,"summer"
"9","FBG05",2010,"spring"
"10","FBG05",2010,"summer"
"11","FBG06",2010,"spring"
"12","FBG06",2010,"summer"
"13","FBG07",2010,"spring"
"14","FBG07",2010,"summer"
"15","FBG08",2010,"spring"
"16","FBG08",2010,"summer"
"17","FBG09",2010,"spring"
"18","FBG09",2010,"summer"
"19","FBG10",2010,"spring"
"20","FBG10",2010,"summer"
"21","FBG11",2010,"spring"
"22","FBG11",2010,"summer"
"23","FBG12",2010,"spring"
"24","FBG12",2010,"summer"
"25","FBG13",2010,"spring"
"26","FBG13",2010,"summer"
"27","FBG14",2010,"spring"
"28","FBG14",2010,"summer"
"29","FBG15",2010,"spring"
"30","FBG15",2010,"summer"
"31","FBG16",2010,"spring"
"32","FBG16",2010,"summer"
"33","GFH01",2010,"spring"
"34","GFH01",2010,"summer"
"35","GFH02",2010,"spring"
"36","GFH02",2010,"summer"
"37","GFH03",2010,"spring"
"38","GFH03",2010,"summer"
"39","GFH04",2010,"spring"
"40","GFH04",2010,"summer"
"41","GFH05",2010,"spring"
"42","GFH05",2010,"summer"
"43","GFH06",2010,"spring"
"44","GFH06",2010,"summer"
"45","GFH07",2010,"spring"
"46","GFH07",2010,"summer"
"47","GFH08",2010,"spring"
"48","GFH08",2010,"summer"
"49","GFH09",2010,"spring"
"50","GFH09",2010,"summer"
"51","GFH10",2010,"spring"
"52","GFH10",2010,"summer"
"53","GFH11",2010,"spring"
"54","GFH11",2010,"summer"
"55","GFH12",2010,"spring"
"56","GFH12",2010,"summer"
"57","GFH13",2010,"spring"
"58","GFH13",2010,"summer"
"59","GFH14",2010,"spring"
"60","GFH14",2010,"summer"
"61","GFH15",2010,"spring"
"62","GFH15",2010,"summer"
"63","GFH16",2010,"spring"
"64","GFH16",2010,"summer"
"65","HAR01",2010,"spring"
"66","HAR01",2010,"summer"
"67","HAR02",2010,"spring"
"68","HAR02",2010,"summer"
"69","HAR03",2010,"spring"
"70","HAR03",2010,"summer"
"71","HAR04",2010,"spring"
"72","HAR04",2010,"summer"
"73","HAR05",2010,"spring"
"74","HAR05",2010,"summer"
"75","HAR06",2010,"spring"
"76","HAR06",2010,"summer"
"77","HAR07",2010,"spring"
"78","HAR07",2010,"summer"
"79","HAR08",2010,"spring"
"80","HAR08",2010,"summer"
"81","HAR09",2010,"spring"
"82","HAR09",2010,"summer"
"83","HAR10",2010,"spring"
"84","HAR10",2010,"summer"
"85","HAR11",2010,"spring"
"86","HAR11",2010,"summer"
"87","HAR12",2010,"spring"
"88","HAR12",2010,"summer"
"89","HAR13",2010,"spring"
"90","HAR13",2010,"summer"
"91","HAR14",2010,"spring"
"92","HAR14",2010,"summer"
"93","HAR15",2010,"spring"
"94","HAR15",2010,"summer"
"95","HAR16",2010,"spring"
"96","HAR16",2010,"summer"
"97","SIP01",2010,"spring"
"98","SIP01",2010,"summer"
"99","SIP02",2010,"spring"
"100","SIP02",2010,"summer"
"101","SIP03",2010,"spring"
"102","SIP03",2010,"summer"
"103","SIP05",2010,"spring"
"104","SIP05",2010,"summer"
"105","SIP06",2010,"spring"
"106","SIP06",2010,"summer"
"107","SIP07",2010,"spring"
"108","SIP07",2010,"summer"
"109","SIP08",2010,"spring"
"110","SIP08",2010,"summer"
"111","SIP09",2010,"spring"
"112","SIP09",2010,"summer"
"113","SIP10",2010,"spring"
"114","SIP10",2010,"summer"
"115","SIP11",2010,"spring"
"116","SIP11",2010,"summer"
"117","SIP12",2010,"spring"
"118","SIP12",2010,"summer"
"119","SIP13",2010,"spring"
"120","SIP13",2010,"summer"
"121","SIP14",2010,"spring"
"122","SIP14",2010,"summer"
"123","SIP15",2010,"spring"
"124","SIP15",2010,"summer"
"125","SIP16",2010,"spring"
"126","SIP16",2010,"summer"
"127","SST01",2010,"spring"
"128","SST01",2010,"summer"
"129","SST02",2010,"spring"
"130","SST02",2010,"summer"
"131","SST03",2010,"spring"
"132","SST03",2010,"summer"
"133","SST04",2010,"spring"
"134","SST04",2010,"summer"
"135","SST05",2010,"spring"
"136","SST05",2010,"summer"
"137","SST06",2010,"spring"
"138","SST06",2010,"summer"
"139","SST07",2010,"spring"
"140","SST07",2010,"summer"
"141","SST08",2010,"spring"
"142","SST08",2010,"summer"
"143","SST09",2010,"spring"
"144","SST09",2010,"summer"
"145","SST10",2010,"spring"
"146","SST10",2010,"summer"
"147","SST11",2010,"spring"
"148","SST11",2010,"summer"
"149","SST12",2010,"spring"
"150","SST12",2010,"summer"
"151","SST13",2010,"spring"
"152","SST13",2010,"summer"
"153","SST14",2010,"spring"
"154","SST14",2010,"summer"
"155","SST15",2010,"spring"
"156","SST15",2010,"summer"
"157","SST16",2010,"spring"
"158","SST16",2010,"summer"
"159","WAN01",2010,"spring"
"160","WAN01",2010,"summer"
"161","WAN02",2010,"spring"
"162","WAN02",2010,"summer"
"163","WAN03",2010,"spring"
"164","WAN03",2010,"summer"
"165","WAN04",2010,"spring"
"166","WAN04",2010,"summer"
"167","WAN05",2010,"spring"
"168","WAN05",2010,"summer"
"169","WAN06",2010,"spring"
"170","WAN06",2010,"summer"
"171","WAN07",2010,"spring"
"172","WAN07",2010,"summer"
"173","WAN08",2010,"spring"
"174","WAN08",2010,"summer"
"175","WAN09",2010,"spring"
"176","WAN09",2010,"summer"
"177","WAN10",2010,"spring"
"178","WAN10",2010,"summer"
"179","WAN11",2010,"spring"
"180","WAN11",2010,"summer"
"181","WAN12",2010,"spring"
"182","WAN12",2010,"summer"
"183","WAN13",2010,"spring"
"184","WAN13",2010,"summer"
"185","WAN14",2010,"spring"
"186","WAN14",2010,"summer"
"187","WAN15",2010,"spring"
"188","WAN15",2010,"summer"
"189","WAN16",2010,"spring"
"190","WAN16",2010,"summer"
"191","FBG01",2011,"spring"
"192","FBG01",2011,"summer"
"193","FBG02",2011,"spring"
"194","FBG02",2011,"summer"
"195","FBG03",2011,"spring"
"196","FBG03",2011,"summer"
"197","FBG04",2011,"spring"
"198","FBG04",2011,"summer"
"199","FBG05",2011,"spring"
"200","FBG05",2011,"summer"
"201","FBG06",2011,"spring"
"202","FBG06",2011,"summer"
"203","FBG07",2011,"spring"
"204","FBG07",2011,"summer"
"205","FBG08",2011,"spring"
"206","FBG08",2011,"summer"
"207","FBG09",2011,"spring"
"208","FBG09",2011,"summer"
"209","FBG10",2011,"spring"
"210","FBG10",2011,"summer"
"211","FBG11",2011,"spring"
"212","FBG11",2011,"summer"
"213","FBG12",2011,"spring"
"214","FBG12",2011,"summer"
"215","FBG13",2011,"spring"
"216","FBG13",2011,"summer"
"217","FBG14",2011,"spring"
"218","FBG14",2011,"summer"
"219","FBG15",2011,"spring"
"220","FBG15",2011,"summer"
"221","FBG16",2011,"spring"
"222","FBG16",2011,"summer"
"223","GFH01",2011,"spring"
"224","GFH01",2011,"summer"
"225","GFH02",2011,"spring"
"226","GFH02",2011,"summer"
"227","GFH03",2011,"spring"
"228","GFH03",2011,"summer"
"229","GFH04",2011,"spring"
"230","GFH04",2011,"summer"
"231","GFH05",2011,"spring"
"232","GFH05",2011,"summer"
"233","GFH06",2011,"spring"
"234","GFH06",2011,"summer"
"235","GFH07",2011,"spring"
"236","GFH07",2011,"summer"
"237","GFH08",2011,"spring"
"238","GFH08",2011,"summer"
"239","GFH09",2011,"spring"
"240","GFH09",2011,"summer"
"241","GFH10",2011,"spring"
"242","GFH10",2011,"summer"
"243","GFH11",2011,"spring"
"244","GFH11",2011,"summer"
"245","GFH12",2011,"spring"
"246","GFH12",2011,"summer"
"247","GFH13",2011,"spring"
"248","GFH13",2011,"summer"
"249","GFH14",2011,"spring"
"250","GFH14",2011,"summer"
"251","GFH15",2011,"spring"
"252","GFH15",2011,"summer"
"253","GFH16",2011,"spring"
"254","GFH16",2011,"summer"
"255","HAR01",2011,"spring"
"256","HAR01",2011,"summer"
"257","HAR02",2011,"spring"
"258","HAR02",2011,"summer"
"259","HAR03",2011,"spring"
"260","HAR03",2011,"summer"
"261","HAR04",2011,"spring"
"262","HAR04",2011,"summer"
"263","HAR05",2011,"spring"
"264","HAR05",2011,"summer"
"265","HAR06",2011,"spring"
"266","HAR06",2011,"summer"
"267","HAR07",2011,"spring"
"268","HAR07",2011,"summer"
"269","HAR08",2011,"spring"
"270","HAR08",2011,"summer"
"271","HAR09",2011,"spring"
"272","HAR09",2011,"summer"
"273","HAR10",2011,"spring"
"274","HAR10",2011,"summer"
"275","HAR11",2011,"spring"
"276","HAR11",2011,"summer"
"277","HAR12",2011,"spring"
"278","HAR12",2011,"summer"
"279","HAR13",2011,"spring"
"280","HAR13",2011,"summer"
"281","HAR14",2011,"spring"
"282","HAR14",2011,"summer"
"283","HAR15",2011,"spring"
"284","HAR15",2011,"summer"
"285","HAR16",2011,"spring"
"286","HAR16",2011,"summer"
"287","SIP01",2011,"spring"
"288","SIP01",2011,"summer"
"289","SIP02",2011,"spring"
"290","SIP02",2011,"summer"
"291","SIP03",2011,"spring"
"292","SIP03",2011,"summer"
"293","SIP05",2011,"spring"
"294","SIP05",2011,"summer"
"295","SIP06",2011,"spring"
"296","SIP06",2011,"summer"
"297","SIP07",2011,"spring"
"298","SIP07",2011,"summer"
"299","SIP08",2011,"spring"
"300","SIP08",2011,"summer"
"301","SIP09",2011,"spring"
"302","SIP09",2011,"summer"
"303","SIP10",2011,"spring"
"304","SIP10",2011,"summer"
"305","SIP11",2011,"spring"
"306","SIP11",2011,"summer"
"307","SIP12",2011,"spring"
"308","SIP12",2011,"summer"
"309","SIP13",2011,"spring"
"310","SIP13",2011,"summer"
"311","SIP14",2011,"spring"
"312","SIP14",2011,"summer"
"313","SIP15",2011,"spring"
"314","SIP15",2011,"summer"
"315","SIP16",2011,"spring"
"316","SIP16",2011,"summer"
"317","SST01",2011,"spring"
"318","SST01",2011,"summer"
"319","SST02",2011,"spring"
"320","SST02",2011,"summer"
"321","SST03",2011,"spring"
"322","SST03",2011,"summer"
"323","SST04",2011,"spring"
"324","SST04",2011,"summer"
"325","SST05",2011,"spring"
"326","SST05",2011,"summer"
"327","SST06",2011,"spring"
"328","SST06",2011,"summer"
"329","SST07",2011,"spring"
"330","SST07",2011,"summer"
"331","SST08",2011,"spring"
"332","SST08",2011,"summer"
"333","SST09",2011,"spring"
"334","SST09",2011,"summer"
"335","SST10",2011,"spring"
"336","SST10",2011,"summer"
"337","SST11",2011,"spring"
"338","SST11",2011,"summer"
"339","SST12",2011,"spring"
"340","SST12",2011,"summer"
"341","SST13",2011,"spring"
"342","SST13",2011,"summer"
"343","SST14",2011,"spring"
"344","SST14",2011,"summer"
"345","SST15",2011,"spring"
"346","SST15",2011,"summer"
"347","SST16",2011,"spring"
"348","SST16",2011,"summer"
"349","WAN01",2011,"spring"
"350","WAN01",2011,"summer"
"351","WAN02",2011,"spring"
"352","WAN02",2011,"summer"
"353","WAN03",2011,"spring"
"354","WAN03",2011,"summer"
"355","WAN04",2011,"spring"
"356","WAN04",2011,"summer"
"357","WAN05",2011,"spring"
"358","WAN05",2011,"summer"
"359","WAN06",2011,"spring"
"360","WAN06",2011,"summer"
"361","WAN07",2011,"spring"
"362","WAN07",2011,"summer"
"363","WAN08",2011,"spring"
"364","WAN08",2011,"summer"
"365","WAN09",2011,"spring"
"366","WAN09",2011,"summer"
"367","WAN10",2011,"spring"
"368","WAN10",2011,"summer"
"369","WAN11",2011,"spring"
"370","WAN11",2011,"summer"
"371","WAN12",2011,"spring"
"372","WAN12",2011,"summer"
"373","WAN13",2011,"spring"
"374","WAN13",2011,"summer"
"375","WAN14",2011,"spring"
"376","WAN14",2011,"summer"
"377","WAN15",2011,"spring"
"378","WAN15",2011,"summer"
"379","WAN16",2011,"spring"
"380","WAN16",2011,"summer"
"381","FBG01",2012,"spring"
"382","FBG01",2012,"summer"
"383","FBG02",2012,"spring"
"384","FBG02",2012,"summer"
"385","FBG03",2012,"spring"
"386","FBG03",2012,"summer"
"387","FBG04",2012,"spring"
"388","FBG04",2012,"summer"
"389","FBG05",2012,"spring"
"390","FBG05",2012,"summer"
"391","FBG06",2012,"spring"
"392","FBG06",2012,"summer"
"393","FBG07",2012,"spring"
"394","FBG07",2012,"summer"
"395","FBG08",2012,"spring"
"396","FBG08",2012,"summer"
"397","FBG09",2012,"spring"
"398","FBG09",2012,"summer"
"399","FBG10",2012,"spring"
"400","FBG10",2012,"summer"
"401","FBG11",2012,"spring"
"402","FBG11",2012,"summer"
"403","FBG12",2012,"spring"
"404","FBG12",2012,"summer"
"405","FBG13",2012,"spring"
"406","FBG13",2012,"summer"
"407","FBG14",2012,"spring"
"408","FBG14",2012,"summer"
"409","FBG15",2012,"spring"
"410","FBG15",2012,"summer"
"411","FBG16",2012,"spring"
"412","FBG16",2012,"summer"
"413","GFH01",2012,"spring"
"414","GFH01",2012,"summer"
"415","GFH02",2012,"spring"
"416","GFH02",2012,"summer"
"417","GFH03",2012,"spring"
"418","GFH03",2012,"summer"
"419","GFH04",2012,"spring"
"420","GFH04",2012,"summer"
"421","GFH05",2012,"spring"
"422","GFH05",2012,"summer"
"423","GFH06",2012,"spring"
"424","GFH06",2012,"summer"
"425","GFH07",2012,"spring"
"426","GFH07",2012,"summer"
"427","GFH08",2012,"spring"
"428","GFH08",2012,"summer"
"429","GFH09",2012,"spring"
"430","GFH09",2012,"summer"
"431","GFH10",2012,"spring"
"432","GFH10",2012,"summer"
"433","GFH11",2012,"spring"
"434","GFH11",2012,"summer"
"435","GFH12",2012,"spring"
"436","GFH12",2012,"summer"
"437","GFH13",2012,"spring"
"438","GFH13",2012,"summer"
"439","GFH14",2012,"spring"
"440","GFH14",2012,"summer"
"441","GFH15",2012,"spring"
"442","GFH15",2012,"summer"
"443","GFH16",2012,"spring"
"444","GFH16",2012,"summer"
"445","HAR01",2012,"spring"
"446","HAR01",2012,"summer"
"447","HAR02",2012,"spring"
"448","HAR02",2012,"summer"
"449","HAR03",2012,"spring"
"450","HAR03",2012,"summer"
"451","HAR04",2012,"spring"
"452","HAR04",2012,"summer"
"453","HAR05",2012,"spring"
"454","HAR05",2012,"summer"
"455","HAR06",2012,"spring"
"456","HAR06",2012,"summer"
"457","HAR07",2012,"spring"
"458","HAR07",2012,"summer"
"459","HAR08",2012,"spring"
"460","HAR08",2012,"summer"
"461","HAR09",2012,"spring"
"462","HAR09",2012,"summer"
"463","HAR10",2012,"spring"
"464","HAR10",2012,"summer"
"465","HAR11",2012,"spring"
"466","HAR11",2012,"summer"
"467","HAR12",2012,"spring"
"468","HAR12",2012,"summer"
"469","HAR13",2012,"spring"
"470","HAR13",2012,"summer"
"471","HAR14",2012,"spring"
"472","HAR14",2012,"summer"
"473","HAR15",2012,"spring"
"474","HAR15",2012,"summer"
"475","HAR16",2012,"spring"
"476","HAR16",2012,"summer"
"477","SIP01",2012,"spring"
"478","SIP01",2012,"summer"
"479","SIP02",2012,"spring"
"480","SIP02",2012,"summer"
"481","SIP03",2012,"spring"
"482","SIP03",2012,"summer"
"483","SIP05",2012,"spring"
"484","SIP05",2012,"summer"
"485","SIP06",2012,"spring"
"486","SIP06",2012,"summer"
"487","SIP07",2012,"spring"
"488","SIP07",2012,"summer"
"489","SIP08",2012,"spring"
"490","SIP08",2012,"summer"
"491","SIP09",2012,"spring"
"492","SIP09",2012,"summer"
"493","SIP10",2012,"spring"
"494","SIP10",2012,"summer"
"495","SIP11",2012,"spring"
"496","SIP11",2012,"summer"
"497","SIP12",2012,"spring"
"498","SIP12",2012,"summer"
"499","SIP13",2012,"spring"
"500","SIP13",2012,"summer"
"501","SIP14",2012,"spring"
"502","SIP14",2012,"summer"
"503","SIP15",2012,"spring"
"504","SIP15",2012,"summer"
"505","SIP16",2012,"spring"
"506","SIP16",2012,"summer"
"507","SST01",2012,"spring"
"508","SST01",2012,"summer"
"509","SST02",2012,"spring"
"510","SST02",2012,"summer"
"511","SST03",2012,"spring"
"512","SST03",2012,"summer"
"513","SST04",2012,"spring"
"514","SST04",2012,"summer"
"515","SST05",2012,"spring"
"516","SST05",2012,"summer"
"517","SST06",2012,"spring"
"518","SST06",2012,"summer"
"519","SST07",2012,"spring"
"520","SST07",2012,"summer"
"521","SST08",2012,"spring"
"522","SST08",2012,"summer"
"523","SST09",2012,"spring"
"524","SST09",2012,"summer"
"525","SST10",2012,"spring"
"526","SST10",2012,"summer"
"527","SST11",2012,"spring"
"528","SST11",2012,"summer"
"529","SST12",2012,"spring"
"530","SST12",2012,"summer"
"531","SST13",2012,"spring"
"532","SST13",2012,"summer"
"533","SST14",2012,"spring"
"534","SST14",2012,"summer"
"535","SST15",2012,"spring"
"536","SST15",2012,"summer"
"537","SST16",2012,"spring"
"538","SST16",2012,"summer"
"539","WAN01",2012,"spring"
"540","WAN01",2012,"summer"
"541","WAN02",2012,"spring"
"542","WAN02",2012,"summer"
"543","WAN03",2012,"spring"
"544","WAN03",2012,"summer"
"545","WAN04",2012,"spring"
"546","WAN04",2012,"summer"
"547","WAN05",2012,"spring"
"548","WAN05",2012,"summer"
"549","WAN06",2012,"spring"
"550","WAN06",2012,"summer"
"551","WAN07",2012,"spring"
"552","WAN07",2012,"summer"
"553","WAN08",2012,"spring"
"554","WAN08",2012,"summer"
"555","WAN09",2012,"spring"
"556","WAN09",2012,"summer"
"557","WAN10",2012,"spring"
"558","WAN10",2012,"summer"
"559","WAN11",2012,"spring"
"560","WAN11",2012,"summer"
"561","WAN12",2012,"spring"
"562","WAN12",2012,"summer"
"563","WAN13",2012,"spring"
"564","WAN13",2012,"summer"
"565","WAN14",2012,"spring"
"566","WAN14",2012,"summer"
"567","WAN15",2012,"spring"
"568","WAN15",2012,"summer"
"569","WAN16",2012,"spring"
"570","WAN16",2012,"summer"
"571","FBG01",2013,"spring"
"572","FBG01",2013,"summer"
"573","FBG02",2013,"spring"
"574","FBG02",2013,"summer"
"575","FBG03",2013,"spring"
"576","FBG03",2013,"summer"
"577","FBG04",2013,"spring"
"578","FBG04",2013,"summer"
"579","FBG05",2013,"spring"
"580","FBG06",2013,"spring"
"581","FBG06",2013,"summer"
"582","FBG07",2013,"spring"
"583","FBG07",2013,"summer"
"584","FBG08",2013,"spring"
"585","FBG08",2013,"summer"
"586","FBG09",2013,"spring"
"587","FBG09",2013,"summer"
"588","FBG10",2013,"spring"
"589","FBG10",2013,"summer"
"590","FBG11",2013,"spring"
"591","FBG11",2013,"summer"
"592","FBG12",2013,"spring"
"593","FBG12",2013,"summer"
"594","FBG13",2013,"spring"
"595","FBG13",2013,"summer"
"596","FBG14",2013,"spring"
"597","FBG14",2013,"summer"
"598","FBG15",2013,"spring"
"599","FBG15",2013,"summer"
"600","FBG16",2013,"spring"
"601","FBG16",2013,"summer"
"602","GFH01",2013,"spring"
"603","GFH01",2013,"summer"
"604","GFH02",2013,"spring"
"605","GFH02",2013,"summer"
"606","GFH03",2013,"spring"
"607","GFH03",2013,"summer"
"608","GFH04",2013,"spring"
"609","GFH04",2013,"summer"
"610","GFH05",2013,"spring"
"611","GFH05",2013,"summer"
"612","GFH06",2013,"spring"
"613","GFH06",2013,"summer"
"614","GFH07",2013,"spring"
"615","GFH07",2013,"summer"
"616","GFH08",2013,"spring"
"617","GFH08",2013,"summer"
"618","GFH09",2013,"spring"
"619","GFH09",2013,"summer"
"620","GFH10",2013,"spring"
"621","GFH10",2013,"summer"
"622","GFH11",2013,"spring"
"623","GFH11",2013,"summer"
"624","GFH12",2013,"spring"
"625","GFH12",2013,"summer"
"626","GFH13",2013,"spring"
"627","GFH13",2013,"summer"
"628","GFH14",2013,"spring"
"629","GFH14",2013,"summer"
"630","GFH15",2013,"spring"
"631","GFH15",2013,"summer"
"632","GFH16",2013,"spring"
"633","GFH16",2013,"summer"
"634","HAR01",2013,"spring"
"635","HAR01",2013,"summer"
"636","HAR02",2013,"spring"
"637","HAR02",2013,"summer"
"638","HAR03",2013,"spring"
"639","HAR03",2013,"summer"
"640","HAR04",2013,"spring"
"641","HAR04",2013,"summer"
"642","HAR05",2013,"spring"
"643","HAR05",2013,"summer"
"644","HAR06",2013,"spring"
"645","HAR06",2013,"summer"
"646","HAR07",2013,"spring"
"647","HAR07",2013,"summer"
"648","HAR08",2013,"spring"
"649","HAR08",2013,"summer"
"650","HAR09",2013,"spring"
"651","HAR09",2013,"summer"
"652","HAR10",2013,"spring"
"653","HAR10",2013,"summer"
"654","HAR11",2013,"spring"
"655","HAR11",2013,"summer"
"656","HAR12",2013,"spring"
"657","HAR12",2013,"summer"
"658","HAR13",2013,"spring"
"659","HAR13",2013,"summer"
"660","HAR14",2013,"spring"
"661","HAR14",2013,"summer"
"662","HAR15",2013,"spring"
"663","HAR15",2013,"summer"
"664","HAR16",2013,"spring"
"665","HAR16",2013,"summer"
"666","SIP01",2013,"spring"
"667","SIP01",2013,"summer"
"668","SIP02",2013,"spring"
"669","SIP02",2013,"summer"
"670","SIP03",2013,"spring"
"671","SIP03",2013,"summer"
"672","SIP05",2013,"spring"
"673","SIP05",2013,"summer"
"674","SIP06",2013,"spring"
"675","SIP06",2013,"summer"
"676","SIP07",2013,"spring"
"677","SIP07",2013,"summer"
"678","SIP08",2013,"spring"
"679","SIP08",2013,"summer"
"680","SIP09",2013,"spring"
"681","SIP09",2013,"summer"
"682","SIP10",2013,"spring"
"683","SIP10",2013,"summer"
"684","SIP11",2013,"spring"
"685","SIP11",2013,"summer"
"686","SIP12",2013,"spring"
"687","SIP12",2013,"summer"
"688","SIP13",2013,"spring"
"689","SIP13",2013,"summer"
"690","SIP14",2013,"spring"
"691","SIP14",2013,"summer"
"692","SIP15",2013,"spring"
"693","SIP15",2013,"summer"
"694","SIP16",2013,"spring"
"695","SIP16",2013,"summer"
"696","SST01",2013,"spring"
"697","SST01",2013,"summer"
"698","SST02",2013,"spring"
"699","SST02",2013,"summer"
"700","SST03",2013,"spring"
"701","SST03",2013,"summer"
"702","SST04",2013,"spring"
"703","SST04",2013,"summer"
"704","SST05",2013,"spring"
"705","SST05",2013,"summer"
"706","SST06",2013,"spring"
"707","SST06",2013,"summer"
"708","SST07",2013,"spring"
"709","SST07",2013,"summer"
"710","SST08",2013,"spring"
"711","SST08",2013,"summer"
"712","SST09",2013,"spring"
"713","SST09",2013,"summer"
"714","SST10",2013,"spring"
"715","SST10",2013,"summer"
"716","SST11",2013,"spring"
"717","SST11",2013,"summer"
"718","SST12",2013,"spring"
"719","SST12",2013,"summer"
"720","SST13",2013,"spring"
"721","SST13",2013,"summer"
"722","SST14",2013,"spring"
"723","SST14",2013,"summer"
"724","SST15",2013,"spring"
"725","SST15",2013,"summer"
"726","SST16",2013,"spring"
"727","SST16",2013,"summer"
"728","WAN01",2013,"spring"
"729","WAN01",2013,"summer"
"730","WAN02",2013,"spring"
"731","WAN02",2013,"summer"
"732","WAN03",2013,"spring"
"733","WAN03",2013,"summer"
"734","WAN04",2013,"spring"
"735","WAN04",2013,"summer"
"736","WAN05",2013,"spring"
"737","WAN05",2013,"summer"
"738","WAN06",2013,"spring"
"739","WAN06",2013,"summer"
"740","WAN07",2013,"spring"
"741","WAN07",2013,"summer"
"742","WAN08",2013,"spring"
"743","WAN09",2013,"spring"
"744","WAN09",2013,"summer"
"745","WAN10",2013,"spring"
"746","WAN10",2013,"summer"
"747","WAN11",2013,"spring"
"748","WAN11",2013,"summer"
"749","WAN12",2013,"spring"
"750","WAN12",2013,"summer"
"751","WAN13",2013,"spring"
"752","WAN13",2013,"summer"
"753","WAN14",2013,"spring"
"754","WAN14",2013,"summer"
"755","WAN15",2013,"spring"
"756","WAN15",2013,"summer"
"757","WAN16",2013,"spring"
"758","WAN16",2013,"summer"
"759","FBG01",2014,"spring"
"760","FBG01",2014,"summer"
"761","FBG02",2014,"spring"
"762","FBG02",2014,"summer"
"763","FBG03",2014,"spring"
"764","FBG03",2014,"summer"
"765","FBG04",2014,"spring"
"766","FBG04",2014,"summer"
"767","FBG05",2014,"spring"
"768","FBG05",2014,"summer"
"769","FBG06",2014,"spring"
"770","FBG06",2014,"summer"
"771","FBG07",2014,"spring"
"772","FBG07",2014,"summer"
"773","FBG08",2014,"spring"
"774","FBG08",2014,"summer"
"775","FBG09",2014,"spring"
"776","FBG09",2014,"summer"
"777","FBG10",2014,"spring"
"778","FBG10",2014,"summer"
"779","FBG11",2014,"spring"
"780","FBG11",2014,"summer"
"781","FBG12",2014,"spring"
"782","FBG12",2014,"summer"
"783","FBG13",2014,"spring"
"784","FBG13",2014,"summer"
"785","FBG14",2014,"spring"
"786","FBG14",2014,"summer"
"787","FBG15",2014,"spring"
"788","FBG15",2014,"summer"
"789","FBG16",2014,"spring"
"790","FBG16",2014,"summer"
"791","GFH01",2014,"spring"
"792","GFH01",2014,"summer"
"793","GFH02",2014,"spring"
"794","GFH02",2014,"summer"
"795","GFH03",2014,"spring"
"796","GFH03",2014,"summer"
"797","GFH04",2014,"spring"
"798","GFH04",2014,"summer"
"799","GFH05",2014,"spring"
"800","GFH05",2014,"summer"
"801","GFH06",2014,"spring"
"802","GFH06",2014,"summer"
"803","GFH07",2014,"spring"
"804","GFH07",2014,"summer"
"805","GFH08",2014,"spring"
"806","GFH08",2014,"summer"
"807","GFH09",2014,"spring"
"808","GFH09",2014,"summer"
"809","GFH10",2014,"spring"
"810","GFH10",2014,"summer"
"811","GFH11",2014,"spring"
"812","GFH11",2014,"summer"
"813","GFH12",2014,"spring"
"814","GFH12",2014,"summer"
"815","GFH13",2014,"spring"
"816","GFH13",2014,"summer"
"817","GFH14",2014,"spring"
"818","GFH14",2014,"summer"
"819","GFH15",2014,"spring"
"820","GFH15",2014,"summer"
"821","GFH16",2014,"spring"
"822","GFH16",2014,"summer"
"823","HAR01",2014,"spring"
"824","HAR01",2014,"summer"
"825","HAR02",2014,"spring"
"826","HAR02",2014,"summer"
"827","HAR03",2014,"spring"
"828","HAR03",2014,"summer"
"829","HAR04",2014,"spring"
"830","HAR04",2014,"summer"
"831","HAR05",2014,"spring"
"832","HAR05",2014,"summer"
"833","HAR06",2014,"spring"
"834","HAR06",2014,"summer"
"835","HAR07",2014,"spring"
"836","HAR07",2014,"summer"
"837","HAR08",2014,"spring"
"838","HAR08",2014,"summer"
"839","HAR09",2014,"spring"
"840","HAR09",2014,"summer"
"841","HAR10",2014,"spring"
"842","HAR10",2014,"summer"
"843","HAR11",2014,"spring"
"844","HAR11",2014,"summer"
"845","HAR12",2014,"spring"
"846","HAR12",2014,"summer"
"847","HAR13",2014,"spring"
"848","HAR13",2014,"summer"
"849","HAR14",2014,"spring"
"850","HAR14",2014,"summer"
"851","HAR15",2014,"spring"
"852","HAR15",2014,"summer"
"853","HAR16",2014,"spring"
"854","HAR16",2014,"summer"
"855","SIP01",2014,"spring"
"856","SIP01",2014,"summer"
"857","SIP02",2014,"spring"
"858","SIP02",2014,"summer"
"859","SIP03",2014,"spring"
"860","SIP03",2014,"summer"
"861","SIP05",2014,"spring"
"862","SIP05",2014,"summer"
"863","SIP06",2014,"spring"
"864","SIP06",2014,"summer"
"865","SIP07",2014,"spring"
"866","SIP07",2014,"summer"
"867","SIP08",2014,"spring"
"868","SIP08",2014,"summer"
"869","SIP09",2014,"spring"
"870","SIP09",2014,"summer"
"871","SIP10",2014,"spring"
"872","SIP10",2014,"summer"
"873","SIP11",2014,"spring"
"874","SIP11",2014,"summer"
"875","SIP12",2014,"spring"
"876","SIP12",2014,"summer"
"877","SIP13",2014,"spring"
"878","SIP13",2014,"summer"
"879","SIP14",2014,"spring"
"880","SIP14",2014,"summer"
"881","SIP15",2014,"spring"
"882","SIP15",2014,"summer"
"883","SIP16",2014,"spring"
"884","SIP16",2014,"summer"
"885","SST01",2014,"spring"
"886","SST01",2014,"summer"
"887","SST02",2014,"spring"
"888","SST02",2014,"summer"
"889","SST03",2014,"spring"
"890","SST03",2014,"summer"
"891","SST04",2014,"spring"
"892","SST04",2014,"summer"
"893","SST05",2014,"spring"
"894","SST05",2014,"summer"
"895","SST06",2014,"spring"
"896","SST06",2014,"summer"
"897","SST07",2014,"spring"
"898","SST07",2014,"summer"
"899","SST08",2014,"spring"
"900","SST08",2014,"summer"
"901","SST09",2014,"spring"
"902","SST09",2014,"summer"
"903","SST10",2014,"spring"
"904","SST10",2014,"summer"
"905","SST11",2014,"spring"
"906","SST11",2014,"summer"
"907","SST12",2014,"spring"
"908","SST12",2014,"summer"
"909","SST13",2014,"spring"
"910","SST13",2014,"summer"
"911","SST14",2014,"spring"
"912","SST14",2014,"summer"
"913","SST15",2014,"spring"
"914","SST15",2014,"summer"
"915","SST16",2014,"spring"
"916","SST16",2014,"summer"
"917","WAN01",2014,"spring"
"918","WAN01",2014,"summer"
"919","WAN02",2014,"spring"
"920","WAN02",2014,"summer"
"921","WAN03",2014,"spring"
"922","WAN03",2014,"summer"
"923","WAN04",2014,"spring"
"924","WAN04",2014,"summer"
"925","WAN05",2014,"spring"
"926","WAN05",2014,"summer"
"927","WAN06",2014,"spring"
"928","WAN06",2014,"summer"
"929","WAN07",2014,"spring"
"930","WAN07",2014,"summer"
"931","WAN08",2014,"spring"
"932","WAN08",2014,"summer"
"933","WAN09",2014,"spring"
"934","WAN09",2014,"summer"
"935","WAN10",2014,"spring"
"936","WAN10",2014,"summer"
"937","WAN11",2014,"spring"
"938","WAN11",2014,"summer"
"939","WAN12",2014,"spring"
"940","WAN12",2014,"summer"
"941","WAN13",2014,"spring"
"942","WAN13",2014,"summer"
"943","WAN14",2014,"spring"
"944","WAN14",2014,"summer"
"945","WAN15",2014,"spring"
"946","WAN15",2014,"summer"
"947","WAN16",2014,"spring"
"948","WAN16",2014,"summer"
"949","FBG01",2015,"spring"
"950","FBG01",2015,"summer"
"951","FBG02",2015,"spring"
"952","FBG02",2015,"summer"
"953","FBG03",2015,"spring"
"954","FBG03",2015,"summer"
"955","FBG04",2015,"spring"
"956","FBG04",2015,"summer"
"957","FBG05",2015,"spring"
"958","FBG05",2015,"summer"
"959","FBG06",2015,"spring"
"960","FBG06",2015,"summer"
"961","FBG07",2015,"spring"
"962","FBG07",2015,"summer"
"963","FBG08",2015,"spring"
"964","FBG08",2015,"summer"
"965","FBG09",2015,"spring"
"966","FBG09",2015,"summer"
"967","FBG10",2015,"spring"
"968","FBG10",2015,"summer"
"969","FBG11",2015,"spring"
"970","FBG11",2015,"summer"
"971","FBG12",2015,"spring"
"972","FBG12",2015,"summer"
"973","FBG13",2015,"spring"
"974","FBG13",2015,"summer"
"975","FBG14",2015,"spring"
"976","FBG14",2015,"summer"
"977","FBG15",2015,"spring"
"978","FBG15",2015,"summer"
"979","FBG16",2015,"spring"
"980","FBG16",2015,"summer"
"981","GFH01",2015,"spring"
"982","GFH01",2015,"summer"
"983","GFH02",2015,"spring"
"984","GFH02",2015,"summer"
"985","GFH03",2015,"spring"
"986","GFH03",2015,"summer"
"987","GFH04",2015,"spring"
"988","GFH04",2015,"summer"
"989","GFH05",2015,"spring"
"990","GFH05",2015,"summer"
"991","GFH06",2015,"spring"
"992","GFH06",2015,"summer"
"993","GFH07",2015,"spring"
"994","GFH07",2015,"summer"
"995","GFH08",2015,"spring"
"996","GFH08",2015,"summer"
"997","GFH09",2015,"spring"
"998","GFH09",2015,"summer"
"999","GFH10",2015,"spring"
"1000","GFH10",2015,"summer"
"1001","GFH11",2015,"spring"
"1002","GFH11",2015,"summer"
"1003","GFH12",2015,"spring"
"1004","GFH12",2015,"summer"
"1005","GFH13",2015,"spring"
"1006","GFH13",2015,"summer"
"1007","GFH14",2015,"spring"
"1008","GFH14",2015,"summer"
"1009","GFH15",2015,"spring"
"1010","GFH15",2015,"summer"
"1011","GFH16",2015,"spring"
"1012","GFH16",2015,"summer"
"1013","HAR01",2015,"spring"
"1014","HAR01",2015,"summer"
"1015","HAR02",2015,"spring"
"1016","HAR02",2015,"summer"
"1017","HAR03",2015,"spring"
"1018","HAR03",2015,"summer"
"1019","HAR04",2015,"spring"
"1020","HAR04",2015,"summer"
"1021","HAR05",2015,"spring"
"1022","HAR05",2015,"summer"
"1023","HAR06",2015,"spring"
"1024","HAR06",2015,"summer"
"1025","HAR07",2015,"spring"
"1026","HAR07",2015,"summer"
"1027","HAR08",2015,"spring"
"1028","HAR08",2015,"summer"
"1029","HAR09",2015,"spring"
"1030","HAR09",2015,"summer"
"1031","HAR10",2015,"spring"
"1032","HAR10",2015,"summer"
"1033","HAR11",2015,"spring"
"1034","HAR11",2015,"summer"
"1035","HAR12",2015,"spring"
"1036","HAR12",2015,"summer"
"1037","HAR13",2015,"spring"
"1038","HAR13",2015,"summer"
"1039","HAR14",2015,"spring"
"1040","HAR14",2015,"summer"
"1041","HAR15",2015,"spring"
"1042","HAR15",2015,"summer"
"1043","HAR16",2015,"spring"
"1044","HAR16",2015,"summer"
"1045","SIP01",2015,"spring"
"1046","SIP01",2015,"summer"
"1047","SIP02",2015,"spring"
"1048","SIP02",2015,"summer"
"1049","SIP03",2015,"spring"
"1050","SIP03",2015,"summer"
"1051","SIP05",2015,"spring"
"1052","SIP05",2015,"summer"
"1053","SIP06",2015,"spring"
"1054","SIP06",2015,"summer"
"1055","SIP07",2015,"spring"
"1056","SIP07",2015,"summer"
"1057","SIP08",2015,"spring"
"1058","SIP08",2015,"summer"
"1059","SIP09",2015,"spring"
"1060","SIP09",2015,"summer"
"1061","SIP10",2015,"spring"
"1062","SIP10",2015,"summer"
"1063","SIP11",2015,"spring"
"1064","SIP11",2015,"summer"
"1065","SIP12",2015,"spring"
"1066","SIP12",2015,"summer"
"1067","SIP13",2015,"spring"
"1068","SIP13",2015,"summer"
"1069","SIP14",2015,"spring"
"1070","SIP14",2015,"summer"
"1071","SIP15",2015,"spring"
"1072","SIP15",2015,"summer"
"1073","SIP16",2015,"spring"
"1074","SIP16",2015,"summer"
"1075","SST01",2015,"spring"
"1076","SST01",2015,"summer"
"1077","SST02",2015,"spring"
"1078","SST02",2015,"summer"
"1079","SST03",2015,"spring"
"1080","SST03",2015,"summer"
"1081","SST04",2015,"spring"
"1082","SST04",2015,"summer"
"1083","SST05",2015,"spring"
"1084","SST05",2015,"summer"
"1085","SST06",2015,"spring"
"1086","SST06",2015,"summer"
"1087","SST07",2015,"spring"
"1088","SST07",2015,"summer"
"1089","SST08",2015,"spring"
"1090","SST08",2015,"summer"
"1091","SST09",2015,"spring"
"1092","SST09",2015,"summer"
"1093","SST10",2015,"spring"
"1094","SST10",2015,"summer"
"1095","SST11",2015,"spring"
"1096","SST11",2015,"summer"
"1097","SST12",2015,"spring"
"1098","SST12",2015,"summer"
"1099","SST13",2015,"spring"
"1100","SST13",2015,"summer"
"1101","SST14",2015,"spring"
"1102","SST14",2015,"summer"
"1103","SST15",2015,"spring"
"1104","SST15",2015,"summer"
"1105","SST16",2015,"spring"
"1106","SST16",2015,"summer"
"1107","WAN01",2015,"spring"
"1108","WAN01",2015,"summer"
"1109","WAN02",2015,"spring"
"1110","WAN02",2015,"summer"
"1111","WAN03",2015,"spring"
"1112","WAN03",2015,"summer"
"1113","WAN04",2015,"spring"
"1114","WAN04",2015,"summer"
"1115","WAN05",2015,"spring"
"1116","WAN05",2015,"summer"
"1117","WAN06",2015,"spring"
"1118","WAN06",2015,"summer"
"1119","WAN07",2015,"spring"
"1120","WAN07",2015,"summer"
"1121","WAN08",2015,"spring"
"1122","WAN08",2015,"summer"
"1123","WAN09",2015,"spring"
"1124","WAN09",2015,"summer"
"1125","WAN10",2015,"spring"
"1126","WAN10",2015,"summer"
"1127","WAN11",2015,"spring"
"1128","WAN11",2015,"summer"
"1129","WAN12",2015,"spring"
"1130","WAN12",2015,"summer"
"1131","WAN13",2015,"spring"
"1132","WAN13",2015,"summer"
"1133","WAN14",2015,"spring"
"1134","WAN14",2015,"summer"
"1135","WAN15",2015,"spring"
"1136","WAN15",2015,"summer"
"1137","WAN16",2015,"spring"
"1138","WAN16",2015,"summer"
"1139","FBG01",2016,"spring"
"1140","FBG01",2016,"summer"
"1141","FBG02",2016,"spring"
"1142","FBG02",2016,"summer"
"1143","FBG03",2016,"spring"
"1144","FBG03",2016,"summer"
"1145","FBG04",2016,"spring"
"1146","FBG04",2016,"summer"
"1147","FBG05",2016,"spring"
"1148","FBG05",2016,"summer"
"1149","FBG06",2016,"spring"
"1150","FBG06",2016,"summer"
"1151","FBG07",2016,"spring"
"1152","FBG07",2016,"summer"
"1153","FBG08",2016,"spring"
"1154","FBG08",2016,"summer"
"1155","FBG09",2016,"spring"
"1156","FBG09",2016,"summer"
"1157","FBG10",2016,"spring"
"1158","FBG10",2016,"summer"
"1159","FBG11",2016,"spring"
"1160","FBG11",2016,"summer"
"1161","FBG12",2016,"spring"
"1162","FBG12",2016,"summer"
"1163","FBG13",2016,"spring"
"1164","FBG13",2016,"summer"
"1165","FBG14",2016,"spring"
"1166","FBG14",2016,"summer"
"1167","FBG15",2016,"spring"
"1168","FBG15",2016,"summer"
"1169","FBG16",2016,"spring"
"1170","FBG16",2016,"summer"
"1171","GFH01",2016,"spring"
"1172","GFH01",2016,"summer"
"1173","GFH02",2016,"spring"
"1174","GFH02",2016,"summer"
"1175","GFH03",2016,"spring"
"1176","GFH03",2016,"summer"
"1177","GFH04",2016,"spring"
"1178","GFH04",2016,"summer"
"1179","GFH05",2016,"spring"
"1180","GFH05",2016,"summer"
"1181","GFH06",2016,"spring"
"1182","GFH06",2016,"summer"
"1183","GFH07",2016,"spring"
"1184","GFH07",2016,"summer"
"1185","GFH08",2016,"spring"
"1186","GFH08",2016,"summer"
"1187","GFH09",2016,"spring"
"1188","GFH09",2016,"summer"
"1189","GFH10",2016,"spring"
"1190","GFH10",2016,"summer"
"1191","GFH11",2016,"spring"
"1192","GFH11",2016,"summer"
"1193","GFH12",2016,"spring"
"1194","GFH12",2016,"summer"
"1195","GFH13",2016,"spring"
"1196","GFH13",2016,"summer"
"1197","GFH14",2016,"spring"
"1198","GFH14",2016,"summer"
"1199","GFH15",2016,"spring"
"1200","GFH15",2016,"summer"
"1201","GFH16",2016,"spring"
"1202","GFH16",2016,"summer"
"1203","HAR01",2016,"spring"
"1204","HAR01",2016,"summer"
"1205","HAR02",2016,"spring"
"1206","HAR02",2016,"summer"
"1207","HAR03",2016,"spring"
"1208","HAR03",2016,"summer"
"1209","HAR04",2016,"spring"
"1210","HAR04",2016,"summer"
"1211","HAR05",2016,"spring"
"1212","HAR05",2016,"summer"
"1213","HAR06",2016,"spring"
"1214","HAR06",2016,"summer"
"1215","HAR07",2016,"spring"
"1216","HAR07",2016,"summer"
"1217","HAR08",2016,"spring"
"1218","HAR08",2016,"summer"
"1219","HAR09",2016,"spring"
"1220","HAR09",2016,"summer"
"1221","HAR10",2016,"spring"
"1222","HAR10",2016,"summer"
"1223","HAR11",2016,"spring"
"1224","HAR11",2016,"summer"
"1225","HAR12",2016,"spring"
"1226","HAR12",2016,"summer"
"1227","HAR13",2016,"spring"
"1228","HAR13",2016,"summer"
"1229","HAR14",2016,"spring"
"1230","HAR14",2016,"summer"
"1231","HAR15",2016,"spring"
"1232","HAR15",2016,"summer"
"1233","HAR16",2016,"spring"
"1234","HAR16",2016,"summer"
"1235","SIP01",2016,"spring"
"1236","SIP01",2016,"summer"
"1237","SIP02",2016,"spring"
"1238","SIP02",2016,"summer"
"1239","SIP03",2016,"spring"
"1240","SIP03",2016,"summer"
"1241","SIP05",2016,"spring"
"1242","SIP05",2016,"summer"
"1243","SIP06",2016,"spring"
"1244","SIP06",2016,"summer"
"1245","SIP07",2016,"spring"
"1246","SIP07",2016,"summer"
"1247","SIP08",2016,"spring"
"1248","SIP08",2016,"summer"
"1249","SIP09",2016,"spring"
"1250","SIP09",2016,"summer"
"1251","SIP10",2016,"spring"
"1252","SIP10",2016,"summer"
"1253","SIP11",2016,"spring"
"1254","SIP11",2016,"summer"
"1255","SIP12",2016,"spring"
"1256","SIP12",2016,"summer"
"1257","SIP13",2016,"spring"
"1258","SIP13",2016,"summer"
"1259","SIP14",2016,"spring"
"1260","SIP14",2016,"summer"
"1261","SIP15",2016,"spring"
"1262","SIP15",2016,"summer"
"1263","SIP16",2016,"spring"
"1264","SIP16",2016,"summer"
"1265","SST01",2016,"spring"
"1266","SST01",2016,"summer"
"1267","SST02",2016,"spring"
"1268","SST02",2016,"summer"
"1269","SST03",2016,"spring"
"1270","SST03",2016,"summer"
"1271","SST04",2016,"spring"
"1272","SST04",2016,"summer"
"1273","SST05",2016,"spring"
"1274","SST05",2016,"summer"
"1275","SST06",2016,"spring"
"1276","SST06",2016,"summer"
"1277","SST07",2016,"spring"
"1278","SST07",2016,"summer"
"1279","SST08",2016,"spring"
"1280","SST08",2016,"summer"
"1281","SST09",2016,"spring"
"1282","SST09",2016,"summer"
"1283","SST10",2016,"spring"
"1284","SST10",2016,"summer"
"1285","SST11",2016,"spring"
"1286","SST11",2016,"summer"
"1287","SST12",2016,"spring"
"1288","SST12",2016,"summer"
"1289","SST13",2016,"spring"
"1290","SST13",2016,"summer"
"1291","SST14",2016,"spring"
"1292","SST14",2016,"summer"
"1293","SST15",2016,"spring"
"1294","SST15",2016,"summer"
"1295","SST16",2016,"spring"
"1296","SST16",2016,"summer"
"1297","WAN01",2016,"spring"
"1298","WAN01",2016,"summer"
"1299","WAN02",2016,"spring"
"1300","WAN02",2016,"summer"
"1301","WAN03",2016,"spring"
"1302","WAN03",2016,"summer"
"1303","WAN04",2016,"spring"
"1304","WAN04",2016,"summer"
"1305","WAN05",2016,"spring"
"1306","WAN05",2016,"summer"
"1307","WAN06",2016,"spring"
"1308","WAN06",2016,"summer"
"1309","WAN07",2016,"spring"
"1310","WAN07",2016,"summer"
"1311","WAN08",2016,"spring"
"1312","WAN08",2016,"summer"
"1313","WAN09",2016,"spring"
"1314","WAN09",2016,"summer"
"1315","WAN10",2016,"spring"
"1316","WAN10",2016,"summer"
"1317","WAN11",2016,"spring"
"1318","WAN11",2016,"summer"
"1319","WAN12",2016,"spring"
"1320","WAN12",2016,"summer"
"1321","WAN13",2016,"spring"
"1322","WAN13",2016,"summer"
"1323","WAN14",2016,"spring"
"1324","WAN14",2016,"summer"
"1325","WAN15",2016,"spring"
"1326","WAN15",2016,"summer"
"1327","WAN16",2016,"spring"
"1328","WAN16",2016,"summer"
"1329","FBG01",2017,"spring"
"1330","FBG01",2017,"summer"
"1331","FBG02",2017,"spring"
"1332","FBG02",2017,"summer"
"1333","FBG03",2017,"spring"
"1334","FBG03",2017,"summer"
"1335","FBG04",2017,"spring"
"1336","FBG04",2017,"summer"
"1337","FBG05",2017,"spring"
"1338","FBG05",2017,"summer"
"1339","FBG06",2017,"spring"
"1340","FBG06",2017,"summer"
"1341","FBG07",2017,"summer"
"1342","FBG08",2017,"summer"
"1343","FBG09",2017,"spring"
"1344","FBG09",2017,"summer"
"1345","FBG10",2017,"spring"
"1346","FBG10",2017,"summer"
"1347","FBG11",2017,"spring"
"1348","FBG11",2017,"summer"
"1349","FBG12",2017,"spring"
"1350","FBG12",2017,"summer"
"1351","FBG13",2017,"spring"
"1352","FBG13",2017,"summer"
"1353","FBG14",2017,"spring"
"1354","FBG14",2017,"summer"
"1355","FBG15",2017,"spring"
"1356","FBG15",2017,"summer"
"1357","FBG16",2017,"spring"
"1358","FBG16",2017,"summer"
"1359","GFH01",2017,"spring"
"1360","GFH01",2017,"summer"
"1361","GFH02",2017,"spring"
"1362","GFH02",2017,"summer"
"1363","GFH03",2017,"summer"
"1364","GFH04",2017,"spring"
"1365","GFH04",2017,"summer"
"1366","GFH05",2017,"spring"
"1367","GFH05",2017,"summer"
"1368","GFH06",2017,"spring"
"1369","GFH06",2017,"summer"
"1370","GFH07",2017,"spring"
"1371","GFH07",2017,"summer"
"1372","GFH08",2017,"spring"
"1373","GFH08",2017,"summer"
"1374","GFH09",2017,"spring"
"1375","GFH09",2017,"summer"
"1376","GFH10",2017,"spring"
"1377","GFH10",2017,"summer"
"1378","GFH11",2017,"spring"
"1379","GFH11",2017,"summer"
"1380","GFH12",2017,"summer"
"1381","GFH13",2017,"spring"
"1382","GFH13",2017,"summer"
"1383","GFH14",2017,"spring"
"1384","GFH14",2017,"summer"
"1385","GFH15",2017,"summer"
"1386","GFH16",2017,"summer"
"1387","HAR01",2017,"spring"
"1388","HAR01",2017,"summer"
"1389","HAR02",2017,"summer"
"1390","HAR03",2017,"summer"
"1391","HAR04",2017,"spring"
"1392","HAR04",2017,"summer"
"1393","HAR05",2017,"spring"
"1394","HAR05",2017,"summer"
"1395","HAR06",2017,"spring"
"1396","HAR06",2017,"summer"
"1397","HAR07",2017,"spring"
"1398","HAR07",2017,"summer"
"1399","HAR08",2017,"spring"
"1400","HAR08",2017,"summer"
"1401","HAR09",2017,"summer"
"1402","HAR10",2017,"spring"
"1403","HAR10",2017,"summer"
"1404","HAR11",2017,"spring"
"1405","HAR11",2017,"summer"
"1406","HAR12",2017,"spring"
"1407","HAR12",2017,"summer"
"1408","HAR13",2017,"summer"
"1409","HAR14",2017,"summer"
"1410","HAR15",2017,"spring"
"1411","HAR15",2017,"summer"
"1412","HAR16",2017,"spring"
"1413","HAR16",2017,"summer"
"1414","SIP01",2017,"spring"
"1415","SIP01",2017,"summer"
"1416","SIP02",2017,"spring"
"1417","SIP02",2017,"summer"
"1418","SIP03",2017,"spring"
"1419","SIP03",2017,"summer"
"1420","SIP05",2017,"spring"
"1421","SIP05",2017,"summer"
"1422","SIP06",2017,"spring"
"1423","SIP06",2017,"summer"
"1424","SIP07",2017,"spring"
"1425","SIP07",2017,"summer"
"1426","SIP08",2017,"spring"
"1427","SIP08",2017,"summer"
"1428","SIP09",2017,"spring"
"1429","SIP09",2017,"summer"
"1430","SIP10",2017,"spring"
"1431","SIP10",2017,"summer"
"1432","SIP11",2017,"spring"
"1433","SIP11",2017,"summer"
"1434","SIP12",2017,"spring"
"1435","SIP12",2017,"summer"
"1436","SIP13",2017,"spring"
"1437","SIP13",2017,"summer"
"1438","SIP14",2017,"spring"
"1439","SIP14",2017,"summer"
"1440","SIP15",2017,"spring"
"1441","SIP15",2017,"summer"
"1442","SIP16",2017,"spring"
"1443","SIP16",2017,"summer"
"1444","SST01",2017,"spring"
"1445","SST01",2017,"summer"
"1446","SST02",2017,"summer"
"1447","SST03",2017,"spring"
"1448","SST03",2017,"summer"
"1449","SST04",2017,"spring"
"1450","SST04",2017,"summer"
"1451","SST05",2017,"spring"
"1452","SST05",2017,"summer"
"1453","SST06",2017,"summer"
"1454","SST07",2017,"spring"
"1455","SST07",2017,"summer"
"1456","SST08",2017,"spring"
"1457","SST08",2017,"summer"
"1458","SST09",2017,"spring"
"1459","SST09",2017,"summer"
"1460","SST10",2017,"summer"
"1461","SST11",2017,"spring"
"1462","SST11",2017,"summer"
"1463","SST12",2017,"spring"
"1464","SST12",2017,"summer"
"1465","SST13",2017,"spring"
"1466","SST13",2017,"summer"
"1467","SST14",2017,"spring"
"1468","SST14",2017,"summer"
"1469","SST15",2017,"spring"
"1470","SST15",2017,"summer"
"1471","SST16",2017,"spring"
"1472","SST16",2017,"summer"
"1473","WAN01",2017,"spring"
"1474","WAN01",2017,"summer"
"1475","WAN02",2017,"summer"
"1476","WAN03",2017,"spring"
"1477","WAN03",2017,"summer"
"1478","WAN04",2017,"spring"
"1479","WAN04",2017,"summer"
"1480","WAN05",2017,"summer"
"1481","WAN06",2017,"summer"
"1482","WAN07",2017,"spring"
"1483","WAN07",2017,"summer"
"1484","WAN08",2017,"spring"
"1485","WAN08",2017,"summer"
"1486","WAN09",2017,"spring"
"1487","WAN09",2017,"summer"
"1488","WAN10",2017,"spring"
"1489","WAN10",2017,"summer"
"1490","WAN11",2017,"spring"
"1491","WAN11",2017,"summer"
"1492","WAN12",2017,"spring"
"1493","WAN12",2017,"summer"
"1494","WAN13",2017,"spring"
"1495","WAN13",2017,"summer"
"1496","WAN14",2017,"spring"
"1497","WAN14",2017,"summer"
"1498","WAN15",2017,"spring"
"1499","WAN15",2017,"summer"
"1500","WAN16",2017,"spring"
"1501","WAN16",2017,"summer"
"1502","FBG01",2018,"spring"
"1503","FBG01",2018,"summer"
"1504","FBG02",2018,"spring"
"1505","FBG02",2018,"summer"
"1506","FBG03",2018,"spring"
"1507","FBG03",2018,"summer"
"1508","FBG04",2018,"spring"
"1509","FBG04",2018,"summer"
"1510","FBG05",2018,"spring"
"1511","FBG05",2018,"summer"
"1512","FBG06",2018,"spring"
"1513","FBG06",2018,"summer"
"1514","FBG07",2018,"spring"
"1515","FBG07",2018,"summer"
"1516","FBG08",2018,"spring"
"1517","FBG08",2018,"summer"
"1518","FBG09",2018,"spring"
"1519","FBG09",2018,"summer"
"1520","FBG10",2018,"spring"
"1521","FBG10",2018,"summer"
"1522","FBG11",2018,"spring"
"1523","FBG11",2018,"summer"
"1524","FBG12",2018,"spring"
"1525","FBG12",2018,"summer"
"1526","FBG13",2018,"spring"
"1527","FBG13",2018,"summer"
"1528","FBG14",2018,"spring"
"1529","FBG14",2018,"summer"
"1530","FBG15",2018,"spring"
"1531","FBG15",2018,"summer"
"1532","FBG16",2018,"spring"
"1533","FBG16",2018,"summer"
"1534","GFH01",2018,"spring"
"1535","GFH01",2018,"summer"
"1536","GFH02",2018,"spring"
"1537","GFH02",2018,"summer"
"1538","GFH04",2018,"spring"
"1539","GFH04",2018,"summer"
"1540","GFH05",2018,"spring"
"1541","GFH05",2018,"summer"
"1542","GFH06",2018,"spring"
"1543","GFH06",2018,"summer"
"1544","GFH07",2018,"spring"
"1545","GFH07",2018,"summer"
"1546","GFH08",2018,"spring"
"1547","GFH08",2018,"summer"
"1548","GFH09",2018,"spring"
"1549","GFH09",2018,"summer"
"1550","GFH10",2018,"spring"
"1551","GFH10",2018,"summer"
"1552","GFH11",2018,"spring"
"1553","GFH11",2018,"summer"
"1554","GFH12",2018,"spring"
"1555","GFH12",2018,"summer"
"1556","GFH13",2018,"spring"
"1557","GFH13",2018,"summer"
"1558","GFH14",2018,"spring"
"1559","GFH14",2018,"summer"
"1560","GFH15",2018,"spring"
"1561","GFH15",2018,"summer"
"1562","GFH16",2018,"spring"
"1563","GFH16",2018,"summer"
"1564","HAR01",2018,"spring"
"1565","HAR01",2018,"summer"
"1566","HAR02",2018,"spring"
"1567","HAR02",2018,"summer"
"1568","HAR03",2018,"spring"
"1569","HAR03",2018,"summer"
"1570","HAR04",2018,"spring"
"1571","HAR04",2018,"summer"
"1572","HAR05",2018,"spring"
"1573","HAR05",2018,"summer"
"1574","HAR06",2018,"spring"
"1575","HAR06",2018,"summer"
"1576","HAR07",2018,"spring"
"1577","HAR07",2018,"summer"
"1578","HAR08",2018,"spring"
"1579","HAR08",2018,"summer"
"1580","HAR09",2018,"spring"
"1581","HAR09",2018,"summer"
"1582","HAR10",2018,"spring"
"1583","HAR10",2018,"summer"
"1584","HAR11",2018,"spring"
"1585","HAR11",2018,"summer"
"1586","HAR12",2018,"spring"
"1587","HAR12",2018,"summer"
"1588","HAR13",2018,"spring"
"1589","HAR13",2018,"summer"
"1590","HAR14",2018,"spring"
"1591","HAR14",2018,"summer"
"1592","HAR15",2018,"spring"
"1593","HAR15",2018,"summer"
"1594","HAR16",2018,"spring"
"1595","HAR16",2018,"summer"
"1596","SIP01",2018,"spring"
"1597","SIP01",2018,"summer"
"1598","SIP02",2018,"spring"
"1599","SIP02",2018,"summer"
"1600","SIP03",2018,"spring"
"1601","SIP03",2018,"summer"
"1602","SIP05",2018,"spring"
"1603","SIP05",2018,"summer"
"1604","SIP06",2018,"spring"
"1605","SIP06",2018,"summer"
"1606","SIP07",2018,"spring"
"1607","SIP07",2018,"summer"
"1608","SIP08",2018,"spring"
"1609","SIP08",2018,"summer"
"1610","SIP09",2018,"spring"
"1611","SIP09",2018,"summer"
"1612","SIP10",2018,"spring"
"1613","SIP10",2018,"summer"
"1614","SIP11",2018,"spring"
"1615","SIP11",2018,"summer"
"1616","SIP12",2018,"spring"
"1617","SIP12",2018,"summer"
"1618","SIP13",2018,"spring"
"1619","SIP13",2018,"summer"
"1620","SIP14",2018,"spring"
"1621","SIP14",2018,"summer"
"1622","SIP15",2018,"spring"
"1623","SIP15",2018,"summer"
"1624","SIP16",2018,"spring"
"1625","SIP16",2018,"summer"
"1626","SST01",2018,"spring"
"1627","SST01",2018,"summer"
"1628","SST02",2018,"spring"
"1629","SST02",2018,"summer"
"1630","SST03",2018,"spring"
"1631","SST03",2018,"summer"
"1632","SST04",2018,"spring"
"1633","SST04",2018,"summer"
"1634","SST05",2018,"spring"
"1635","SST05",2018,"summer"
"1636","SST06",2018,"spring"
"1637","SST06",2018,"summer"
"1638","SST07",2018,"spring"
"1639","SST07",2018,"summer"
"1640","SST08",2018,"spring"
"1641","SST08",2018,"summer"
"1642","SST09",2018,"spring"
"1643","SST09",2018,"summer"
"1644","SST10",2018,"spring"
"1645","SST10",2018,"summer"
"1646","SST11",2018,"spring"
"1647","SST11",2018,"summer"
"1648","SST12",2018,"spring"
"1649","SST12",2018,"summer"
"1650","SST13",2018,"spring"
"1651","SST13",2018,"summer"
"1652","SST14",2018,"spring"
"1653","SST14",2018,"summer"
"1654","SST15",2018,"spring"
"1655","SST15",2018,"summer"
"1656","SST16",2018,"spring"
"1657","SST16",2018,"summer"
"1658","WAN01",2018,"spring"
"1659","WAN01",2018,"summer"
"1660","WAN02",2018,"spring"
"1661","WAN02",2018,"summer"
"1662","WAN03",2018,"spring"
"1663","WAN03",2018,"summer"
"1664","WAN04",2018,"spring"
"1665","WAN04",2018,"summer"
"1666","WAN05",2018,"spring"
"1667","WAN05",2018,"summer"
"1668","WAN06",2018,"spring"
"1669","WAN06",2018,"summer"
"1670","WAN07",2018,"spring"
"1671","WAN07",2018,"summer"
"1672","WAN08",2018,"spring"
"1673","WAN08",2018,"summer"
"1674","WAN09",2018,"spring"
"1675","WAN09",2018,"summer"
"1676","WAN10",2018,"spring"
"1677","WAN10",2018,"summer"
"1678","WAN11",2018,"spring"
"1679","WAN11",2018,"summer"
"1680","WAN12",2018,"spring"
"1681","WAN12",2018,"summer"
"1682","WAN13",2018,"spring"
"1683","WAN13",2018,"summer"
"1684","WAN14",2018,"spring"
"1685","WAN14",2018,"summer"
"1686","WAN15",2018,"spring"
"1687","WAN15",2018,"summer"
"1688","WAN16",2018,"spring"
"1689","WAN16",2018,"summer"
"1690","FBG01",2019,"spring"
"1691","FBG01",2019,"summer"
"1692","FBG02",2019,"spring"
"1693","FBG02",2019,"summer"
"1694","FBG03",2019,"spring"
"1695","FBG03",2019,"summer"
"1696","FBG04",2019,"spring"
"1697","FBG04",2019,"summer"
"1698","FBG05",2019,"spring"
"1699","FBG05",2019,"summer"
"1700","FBG06",2019,"spring"
"1701","FBG06",2019,"summer"
"1702","FBG07",2019,"spring"
"1703","FBG07",2019,"summer"
"1704","FBG08",2019,"spring"
"1705","FBG08",2019,"summer"
"1706","FBG09",2019,"spring"
"1707","FBG09",2019,"summer"
"1708","FBG10",2019,"spring"
"1709","FBG10",2019,"summer"
"1710","FBG11",2019,"spring"
"1711","FBG11",2019,"summer"
"1712","FBG12",2019,"spring"
"1713","FBG12",2019,"summer"
"1714","FBG13",2019,"spring"
"1715","FBG13",2019,"summer"
"1716","FBG14",2019,"spring"
"1717","FBG14",2019,"summer"
"1718","FBG15",2019,"spring"
"1719","FBG15",2019,"summer"
"1720","FBG16",2019,"spring"
"1721","FBG16",2019,"summer"
"1722","GFH01",2019,"spring"
"1723","GFH01",2019,"summer"
"1724","GFH02",2019,"spring"
"1725","GFH02",2019,"summer"
"1726","GFH03",2019,"spring"
"1727","GFH03",2019,"summer"
"1728","GFH04",2019,"spring"
"1729","GFH04",2019,"summer"
"1730","GFH05",2019,"spring"
"1731","GFH05",2019,"summer"
"1732","GFH06",2019,"spring"
"1733","GFH06",2019,"summer"
"1734","GFH07",2019,"spring"
"1735","GFH07",2019,"summer"
"1736","GFH08",2019,"spring"
"1737","GFH08",2019,"summer"
"1738","GFH09",2019,"spring"
"1739","GFH09",2019,"summer"
"1740","GFH10",2019,"spring"
"1741","GFH10",2019,"summer"
"1742","GFH11",2019,"spring"
"1743","GFH11",2019,"summer"
"1744","GFH12",2019,"spring"
"1745","GFH12",2019,"summer"
"1746","GFH13",2019,"spring"
"1747","GFH13",2019,"summer"
"1748","GFH14",2019,"spring"
"1749","GFH14",2019,"summer"
"1750","GFH15",2019,"spring"
"1751","GFH15",2019,"summer"
"1752","GFH16",2019,"spring"
"1753","GFH16",2019,"summer"
"1754","HAR01",2019,"spring"
"1755","HAR01",2019,"summer"
"1756","HAR02",2019,"spring"
"1757","HAR02",2019,"summer"
"1758","HAR03",2019,"spring"
"1759","HAR03",2019,"summer"
"1760","HAR04",2019,"spring"
"1761","HAR04",2019,"summer"
"1762","HAR05",2019,"spring"
"1763","HAR05",2019,"summer"
"1764","HAR06",2019,"spring"
"1765","HAR06",2019,"summer"
"1766","HAR07",2019,"spring"
"1767","HAR07",2019,"summer"
"1768","HAR08",2019,"spring"
"1769","HAR08",2019,"summer"
"1770","HAR09",2019,"spring"
"1771","HAR09",2019,"summer"
"1772","HAR10",2019,"spring"
"1773","HAR10",2019,"summer"
"1774","HAR11",2019,"spring"
"1775","HAR11",2019,"summer"
"1776","HAR12",2019,"spring"
"1777","HAR12",2019,"summer"
"1778","HAR13",2019,"spring"
"1779","HAR13",2019,"summer"
"1780","HAR14",2019,"spring"
"1781","HAR14",2019,"summer"
"1782","HAR15",2019,"spring"
"1783","HAR15",2019,"summer"
"1784","HAR16",2019,"spring"
"1785","HAR16",2019,"summer"
"1786","SIP01",2019,"spring"
"1787","SIP01",2019,"summer"
"1788","SIP02",2019,"spring"
"1789","SIP02",2019,"summer"
"1790","SIP03",2019,"spring"
"1791","SIP03",2019,"summer"
"1792","SIP05",2019,"spring"
"1793","SIP05",2019,"summer"
"1794","SIP06",2019,"spring"
"1795","SIP06",2019,"summer"
"1796","SIP07",2019,"spring"
"1797","SIP07",2019,"summer"
"1798","SIP08",2019,"spring"
"1799","SIP08",2019,"summer"
"1800","SIP09",2019,"spring"
"1801","SIP09",2019,"summer"
"1802","SIP10",2019,"spring"
"1803","SIP10",2019,"summer"
"1804","SIP11",2019,"spring"
"1805","SIP11",2019,"summer"
"1806","SIP12",2019,"spring"
"1807","SIP12",2019,"summer"
"1808","SIP13",2019,"spring"
"1809","SIP13",2019,"summer"
"1810","SIP14",2019,"spring"
"1811","SIP14",2019,"summer"
"1812","SIP15",2019,"spring"
"1813","SIP15",2019,"summer"
"1814","SIP16",2019,"spring"
"1815","SIP16",2019,"summer"
"1816","SST01",2019,"spring"
"1817","SST01",2019,"summer"
"1818","SST02",2019,"spring"
"1819","SST02",2019,"summer"
"1820","SST03",2019,"spring"
"1821","SST03",2019,"summer"
"1822","SST04",2019,"spring"
"1823","SST04",2019,"summer"
"1824","SST05",2019,"spring"
"1825","SST05",2019,"summer"
"1826","SST06",2019,"spring"
"1827","SST06",2019,"summer"
"1828","SST07",2019,"spring"
"1829","SST07",2019,"summer"
"1830","SST08",2019,"spring"
"1831","SST08",2019,"summer"
"1832","SST09",2019,"spring"
"1833","SST09",2019,"summer"
"1834","SST10",2019,"spring"
"1835","SST10",2019,"summer"
"1836","SST11",2019,"spring"
"1837","SST11",2019,"summer"
"1838","SST12",2019,"spring"
"1839","SST12",2019,"summer"
"1840","SST13",2019,"spring"
"1841","SST13",2019,"summer"
"1842","SST14",2019,"spring"
"1843","SST14",2019,"summer"
"1844","SST15",2019,"spring"
"1845","SST15",2019,"summer"
"1846","SST16",2019,"spring"
"1847","SST16",2019,"summer"
"1848","WAN01",2019,"spring"
"1849","WAN01",2019,"summer"
"1850","WAN02",2019,"spring"
"1851","WAN02",2019,"summer"
"1852","WAN03",2019,"spring"
"1853","WAN03",2019,"summer"
"1854","WAN04",2019,"spring"
"1855","WAN04",2019,"summer"
"1856","WAN05",2019,"spring"
"1857","WAN05",2019,"summer"
"1858","WAN06",2019,"spring"
"1859","WAN06",2019,"summer"
"1860","WAN07",2019,"spring"
"1861","WAN07",2019,"summer"
"1862","WAN08",2019,"spring"
"1863","WAN08",2019,"summer"
"1864","WAN09",2019,"spring"
"1865","WAN09",2019,"summer"
"1866","WAN10",2019,"spring"
"1867","WAN10",2019,"summer"
"1868","WAN11",2019,"spring"
"1869","WAN11",2019,"summer"
"1870","WAN12",2019,"spring"
"1871","WAN12",2019,"summer"
"1872","WAN13",2019,"spring"
"1873","WAN13",2019,"summer"
"1874","WAN14",2019,"spring"
"1875","WAN14",2019,"summer"
"1876","WAN15",2019,"spring"
"1877","WAN15",2019,"summer"
"1878","WAN16",2019,"spring"
"1879","WAN16",2019,"summer"
"1880","FBG01",2020,"spring"
"1881","FBG01",2020,"summer"
"1882","FBG02",2020,"spring"
"1883","FBG02",2020,"summer"
"1884","FBG03",2020,"spring"
"1885","FBG03",2020,"summer"
"1886","FBG04",2020,"spring"
"1887","FBG04",2020,"summer"
"1888","FBG05",2020,"spring"
"1889","FBG05",2020,"summer"
"1890","FBG06",2020,"spring"
"1891","FBG06",2020,"summer"
"1892","FBG07",2020,"spring"
"1893","FBG07",2020,"summer"
"1894","FBG08",2020,"spring"
"1895","FBG08",2020,"summer"
"1896","FBG09",2020,"spring"
"1897","FBG09",2020,"summer"
"1898","FBG10",2020,"spring"
"1899","FBG10",2020,"summer"
"1900","FBG11",2020,"spring"
"1901","FBG11",2020,"summer"
"1902","FBG12",2020,"spring"
"1903","FBG12",2020,"summer"
"1904","FBG13",2020,"spring"
"1905","FBG13",2020,"summer"
"1906","FBG14",2020,"spring"
"1907","FBG14",2020,"summer"
"1908","FBG15",2020,"spring"
"1909","FBG15",2020,"summer"
"1910","FBG16",2020,"spring"
"1911","FBG16",2020,"summer"
"1912","GFH01",2020,"spring"
"1913","GFH01",2020,"summer"
"1914","GFH02",2020,"spring"
"1915","GFH02",2020,"summer"
"1916","GFH03",2020,"spring"
"1917","GFH03",2020,"summer"
"1918","GFH04",2020,"spring"
"1919","GFH04",2020,"summer"
"1920","GFH05",2020,"spring"
"1921","GFH05",2020,"summer"
"1922","GFH06",2020,"spring"
"1923","GFH06",2020,"summer"
"1924","GFH07",2020,"spring"
"1925","GFH07",2020,"summer"
"1926","GFH08",2020,"spring"
"1927","GFH08",2020,"summer"
"1928","GFH09",2020,"spring"
"1929","GFH09",2020,"summer"
"1930","GFH10",2020,"spring"
"1931","GFH10",2020,"summer"
"1932","GFH11",2020,"spring"
"1933","GFH11",2020,"summer"
"1934","GFH12",2020,"spring"
"1935","GFH12",2020,"summer"
"1936","GFH13",2020,"spring"
"1937","GFH13",2020,"summer"
"1938","GFH14",2020,"spring"
"1939","GFH14",2020,"summer"
"1940","GFH15",2020,"spring"
"1941","GFH15",2020,"summer"
"1942","GFH16",2020,"spring"
"1943","GFH16",2020,"summer"
"1944","HAR01",2020,"spring"
"1945","HAR01",2020,"summer"
"1946","HAR02",2020,"spring"
"1947","HAR02",2020,"summer"
"1948","HAR03",2020,"spring"
"1949","HAR03",2020,"summer"
"1950","HAR04",2020,"spring"
"1951","HAR04",2020,"summer"
"1952","HAR05",2020,"spring"
"1953","HAR05",2020,"summer"
"1954","HAR06",2020,"spring"
"1955","HAR06",2020,"summer"
"1956","HAR07",2020,"spring"
"1957","HAR07",2020,"summer"
"1958","HAR08",2020,"spring"
"1959","HAR08",2020,"summer"
"1960","HAR09",2020,"spring"
"1961","HAR09",2020,"summer"
"1962","HAR10",2020,"spring"
"1963","HAR10",2020,"summer"
"1964","HAR11",2020,"spring"
"1965","HAR11",2020,"summer"
"1966","HAR12",2020,"spring"
"1967","HAR12",2020,"summer"
"1968","HAR13",2020,"spring"
"1969","HAR13",2020,"summer"
"1970","HAR14",2020,"spring"
"1971","HAR14",2020,"summer"
"1972","HAR15",2020,"spring"
"1973","HAR15",2020,"summer"
"1974","HAR16",2020,"spring"
"1975","HAR16",2020,"summer"
"1976","SIP01",2020,"spring"
"1977","SIP01",2020,"summer"
"1978","SIP02",2020,"spring"
"1979","SIP02",2020,"summer"
"1980","SIP03",2020,"spring"
"1981","SIP03",2020,"summer"
"1982","SIP05",2020,"spring"
"1983","SIP05",2020,"summer"
"1984","SIP06",2020,"spring"
"1985","SIP06",2020,"summer"
"1986","SIP07",2020,"spring"
"1987","SIP07",2020,"summer"
"1988","SIP08",2020,"spring"
"1989","SIP08",2020,"summer"
"1990","SIP09",2020,"spring"
"1991","SIP09",2020,"summer"
"1992","SIP10",2020,"spring"
"1993","SIP10",2020,"summer"
"1994","SIP11",2020,"summer"
"1995","SIP12",2020,"spring"
"1996","SIP12",2020,"summer"
"1997","SIP13",2020,"spring"
"1998","SIP13",2020,"summer"
"1999","SIP14",2020,"spring"
"2000","SIP14",2020,"summer"
"2001","SIP15",2020,"spring"
"2002","SIP15",2020,"summer"
"2003","SIP16",2020,"spring"
"2004","SIP16",2020,"summer"
"2005","SST01",2020,"spring"
"2006","SST01",2020,"summer"
"2007","SST02",2020,"spring"
"2008","SST02",2020,"summer"
"2009","SST03",2020,"spring"
"2010","SST03",2020,"summer"
"2011","SST04",2020,"spring"
"2012","SST04",2020,"summer"
"2013","SST05",2020,"spring"
"2014","SST05",2020,"summer"
"2015","SST06",2020,"spring"
"2016","SST06",2020,"summer"
"2017","SST07",2020,"spring"
"2018","SST07",2020,"summer"
"2019","SST08",2020,"spring"
"2020","SST08",2020,"summer"
"2021","SST09",2020,"spring"
"2022","SST09",2020,"summer"
"2023","SST10",2020,"spring"
"2024","SST10",2020,"summer"
"2025","SST11",2020,"spring"
"2026","SST11",2020,"summer"
"2027","SST12",2020,"spring"
"2028","SST12",2020,"summer"
"2029","SST13",2020,"spring"
"2030","SST13",2020,"summer"
"2031","SST14",2020,"spring"
"2032","SST14",2020,"summer"
"2033","SST15",2020,"spring"
"2034","SST15",2020,"summer"
"2035","SST16",2020,"spring"
"2036","SST16",2020,"summer"
"2037","WAN01",2020,"spring"
"2038","WAN01",2020,"summer"
"2039","WAN02",2020,"spring"
"2040","WAN02",2020,"summer"
"2041","WAN03",2020,"spring"
"2042","WAN03",2020,"summer"
"2043","WAN04",2020,"spring"
"2044","WAN04",2020,"summer"
"2045","WAN05",2020,"spring"
"2046","WAN05",2020,"summer"
"2047","WAN06",2020,"spring"
"2048","WAN06",2020,"summer"
"2049","WAN07",2020,"spring"
"2050","WAN07",2020,"summer"
"2051","WAN08",2020,"spring"
"2052","WAN08",2020,"summer"
"2053","WAN09",2020,"spring"
"2054","WAN09",2020,"summer"
"2055","WAN10",2020,"spring"
"2056","WAN10",2020,"summer"
"2057","WAN11",2020,"spring"
"2058","WAN11",2020,"summer"
"2059","WAN12",2020,"spring"
"2060","WAN12",2020,"summer"
"2061","WAN13",2020,"spring"
"2062","WAN13",2020,"summer"
"2063","WAN14",2020,"spring"
"2064","WAN14",2020,"summer"
"2065","WAN15",2020,"spring"
"2066","WAN15",2020,"summer"
"2067","WAN16",2020,"spring"
"2068","WAN16",2020,"summer"
"2069","FBG01",2021,"spring"
"2070","FBG01",2021,"summer"
"2071","FBG02",2021,"spring"
"2072","FBG02",2021,"summer"
"2073","FBG02*",2021,"spring"
"2074","FBG03",2021,"spring"
"2075","FBG03",2021,"summer"
"2076","FBG04",2021,"spring"
"2077","FBG04",2021,"summer"
"2078","FBG05",2021,"spring"
"2079","FBG05",2021,"summer"
"2080","FBG06",2021,"spring"
"2081","FBG06",2021,"summer"
"2082","FBG07",2021,"spring"
"2083","FBG07",2021,"summer"
"2084","FBG08",2021,"spring"
"2085","FBG08",2021,"summer"
"2086","FBG09",2021,"spring"
"2087","FBG09",2021,"summer"
"2088","FBG10",2021,"spring"
"2089","FBG10",2021,"summer"
"2090","FBG11",2021,"spring"
"2091","FBG11",2021,"summer"
"2092","FBG12",2021,"spring"
"2093","FBG12",2021,"summer"
"2094","FBG13",2021,"spring"
"2095","FBG13",2021,"summer"
"2096","FBG14",2021,"spring"
"2097","FBG14",2021,"summer"
"2098","FBG15",2021,"spring"
"2099","FBG15",2021,"summer"
"2100","FBG16",2021,"spring"
"2101","FBG16",2021,"summer"
"2102","GFH01",2021,"spring"
"2103","GFH01",2021,"summer"
"2104","GFH02",2021,"spring"
"2105","GFH02",2021,"summer"
"2106","GFH03",2021,"spring"
"2107","GFH03",2021,"summer"
"2108","GFH04",2021,"spring"
"2109","GFH04",2021,"summer"
"2110","GFH05",2021,"spring"
"2111","GFH05",2021,"summer"
"2112","GFH06",2021,"spring"
"2113","GFH06",2021,"summer"
"2114","GFH07",2021,"spring"
"2115","GFH07",2021,"summer"
"2116","GFH08",2021,"spring"
"2117","GFH08",2021,"summer"
"2118","GFH09",2021,"spring"
"2119","GFH09",2021,"summer"
"2120","GFH10",2021,"spring"
"2121","GFH10",2021,"summer"
"2122","GFH11",2021,"spring"
"2123","GFH11",2021,"summer"
"2124","GFH12",2021,"spring"
"2125","GFH12",2021,"summer"
"2126","GFH13",2021,"spring"
"2127","GFH13",2021,"summer"
"2128","GFH14",2021,"spring"
"2129","GFH14",2021,"summer"
"2130","GFH15",2021,"spring"
"2131","GFH15",2021,"summer"
"2132","GFH16",2021,"spring"
"2133","GFH16",2021,"summer"
"2134","HAR01",2021,"spring"
"2135","HAR01",2021,"summer"
"2136","HAR02",2021,"spring"
"2137","HAR02",2021,"summer"
"2138","HAR03",2021,"spring"
"2139","HAR03",2021,"summer"
"2140","HAR04",2021,"spring"
"2141","HAR04",2021,"summer"
"2142","HAR05",2021,"spring"
"2143","HAR05",2021,"summer"
"2144","HAR06",2021,"spring"
"2145","HAR06",2021,"summer"
"2146","HAR07",2021,"spring"
"2147","HAR07",2021,"summer"
"2148","HAR08",2021,"spring"
"2149","HAR08",2021,"summer"
"2150","HAR09",2021,"spring"
"2151","HAR09",2021,"summer"
"2152","HAR10",2021,"spring"
"2153","HAR10",2021,"summer"
"2154","HAR11",2021,"spring"
"2155","HAR11",2021,"summer"
"2156","HAR12",2021,"spring"
"2157","HAR12",2021,"summer"
"2158","HAR13",2021,"spring"
"2159","HAR13",2021,"summer"
"2160","HAR14",2021,"spring"
"2161","HAR14",2021,"summer"
"2162","HAR15",2021,"spring"
"2163","HAR15",2021,"summer"
"2164","HAR16",2021,"spring"
"2165","HAR16",2021,"summer"
"2166","SIP01",2021,"spring"
"2167","SIP01",2021,"summer"
"2168","SIP02",2021,"spring"
"2169","SIP02",2021,"summer"
"2170","SIP03",2021,"spring"
"2171","SIP03",2021,"summer"
"2172","SIP05",2021,"spring"
"2173","SIP05",2021,"summer"
"2174","SIP06",2021,"spring"
"2175","SIP06",2021,"summer"
"2176","SIP07",2021,"spring"
"2177","SIP07",2021,"summer"
"2178","SIP08",2021,"spring"
"2179","SIP08",2021,"summer"
"2180","SIP09",2021,"spring"
"2181","SIP09",2021,"summer"
"2182","SIP10",2021,"spring"
"2183","SIP10",2021,"summer"
"2184","SIP11",2021,"spring"
"2185","SIP11",2021,"summer"
"2186","SIP12",2021,"spring"
"2187","SIP12",2021,"summer"
"2188","SIP13",2021,"spring"
"2189","SIP13",2021,"summer"
"2190","SIP14",2021,"spring"
"2191","SIP14",2021,"summer"
"2192","SIP15",2021,"spring"
"2193","SIP15",2021,"summer"
"2194","SIP16",2021,"spring"
"2195","SIP16",2021,"summer"
"2196","SST01",2021,"spring"
"2197","SST01",2021,"summer"
"2198","SST02",2021,"spring"
"2199","SST02",2021,"summer"
"2200","SST03",2021,"spring"
"2201","SST03",2021,"summer"
"2202","SST04",2021,"spring"
"2203","SST04",2021,"summer"
"2204","SST05",2021,"spring"
"2205","SST05",2021,"summer"
"2206","SST06",2021,"spring"
"2207","SST06",2021,"summer"
"2208","SST07",2021,"spring"
"2209","SST07",2021,"summer"
"2210","SST08",2021,"spring"
"2211","SST08",2021,"summer"
"2212","SST09",2021,"spring"
"2213","SST09",2021,"summer"
"2214","SST10",2021,"spring"
"2215","SST10",2021,"summer"
"2216","SST11",2021,"spring"
"2217","SST11",2021,"summer"
"2218","SST12",2021,"spring"
"2219","SST12",2021,"summer"
"2220","SST13",2021,"spring"
"2221","SST13",2021,"summer"
"2222","SST14",2021,"spring"
"2223","SST14",2021,"summer"
"2224","SST15",2021,"spring"
"2225","SST15",2021,"summer"
"2226","SST16",2021,"spring"
"2227","SST16",2021,"summer"
"2228","WAN01",2021,"spring"
"2229","WAN01",2021,"summer"
"2230","WAN02",2021,"spring"
"2231","WAN02",2021,"summer"
"2232","WAN03",2021,"spring"
"2233","WAN03",2021,"summer"
"2234","WAN04",2021,"spring"
"2235","WAN04",2021,"summer"
"2236","WAN05",2021,"spring"
"2237","WAN05",2021,"summer"
"2238","WAN06",2021,"spring"
"2239","WAN06",2021,"summer"
"2240","WAN07",2021,"spring"
"2241","WAN07",2021,"summer"
"2242","WAN08",2021,"spring"
"2243","WAN08",2021,"summer"
"2244","WAN09",2021,"spring"
"2245","WAN09",2021,"summer"
"2246","WAN10",2021,"spring"
"2247","WAN10",2021,"summer"
"2248","WAN11",2021,"spring"
"2249","WAN11",2021,"summer"
"2250","WAN12",2021,"spring"
"2251","WAN12",2021,"summer"
"2252","WAN13",2021,"spring"
"2253","WAN13",2021,"summer"
"2254","WAN14",2021,"spring"
"2255","WAN14",2021,"summer"
"2256","WAN15",2021,"spring"
"2257","WAN15",2021,"summer"
"2258","WAN16",2021,"spring"
"2259","WAN16",2021,"summer"
