"location","site","year","season","abundance","richness","exposure_days"
"FBG","FBG01",2010,"spring",134,9,36
"FBG","FBG02",2010,"spring",156,10,36
"FBG","FBG03",2010,"spring",46,5,36
"FBG","FBG04",2010,"spring",94,6,36
"FBG","FBG05",2010,"spring",124,9,36
"FBG","FBG06",2010,"spring",143,9,36
"FBG","FBG07",2010,"spring",177,14,36
"FBG","FBG08",2010,"spring",42,4,36
"FBG","FBG09",2010,"spring",164,9,36
"FBG","FBG10",2010,"spring",122,9,36
"FBG","FBG11",2010,"spring",213,10,36
"FBG","FBG12",2010,"spring",31,4,36
"FBG","FBG13",2010,"spring",215,12,36
"FBG","FBG14",2010,"spring",83,8,36
"FBG","FBG15",2010,"spring",45,6,36
"FBG","FBG16",2010,"spring",124,9,36
"GFH","GFH01",2010,"spring",10,3,36
"GFH","GFH02",2010,"spring",39,5,36
"GFH","GFH03",2010,"spring",38,5,36
"GFH","GFH04",2010,"spring",13,2,22
"GFH","GFH05",2010,"spring",48,6,36
"GFH","GFH06",2010,"spring",6,2,36
"GFH","GFH07",2010,"spring",28,4,36
"GFH","GFH08",2010,"spring",28,4,36
"GFH","GFH09",2010,"spring",11,2,36
"GFH","GFH10",2010,"spring",33,4,36
"GFH","GFH11",2010,"spring",54,6,36
"GFH","GFH12",2010,"spring",23,3,36
"GFH","GFH13",2010,"spring",21,3,36
"GFH","GFH14",2010,"spring",51,4,36
"GFH","GFH15",2010,"spring",33,5,36
"GFH","GFH16",2010,"spring",53,6,36
"HAR","HAR01",2010,"spring",34,5,28
"HAR","HAR02",2010,"spring",59,7,28
"HAR","HAR03",2010,"spring",31,4,28
"HAR","HAR04",2010,"spring",34,4,28
"HAR","HAR05",2010,"spring",56,5,14
"HAR","HAR06",2010,"spring",94,8,28
"HAR","HAR07",2010,"spring",66,8,28
"HAR","HAR08",2010,"spring",19,2,28
"HAR","HAR09",2010,"spring",77,6,28
"HAR","HAR10",2010,"spring",110,9,28
"HAR","HAR11",2010,"spring",69,8,28
"HAR","HAR12",2010,"spring",37,3,28
"HAR","HAR13",2010,"spring",19,3,28
"HAR","HAR14",2010,"spring",46,6,28
"HAR","HAR15",2010,"spring",62,7,28
"HAR","HAR16",2010,"spring",71,8,28
"SIP","SIP01",2010,"spring",68,7,36
"SIP","SIP02",2010,"spring",34,6,36
"SIP","SIP03",2010,"spring",15,3,36
"SIP","SIP05",2010,"spring",26,7,36
"SIP","SIP06",2010,"spring",56,6,36
"SIP","SIP07",2010,"spring",29,5,36
"SIP","SIP08",2010,"spring",21,3,36
"SIP","SIP09",2010,"spring",14,3,36
"SIP","SIP10",2010,"spring",22,4,36
"SIP","SIP11",2010,"spring",20,4,36
"SIP","SIP12",2010,"spring",18,3,36
"SIP","SIP13",2010,"spring",22,4,36
"SIP","SIP14",2010,"spring",31,5,36
"SIP","SIP15",2010,"spring",22,4,36
"SIP","SIP16",2010,"spring",10,3,36
"SST","SST01",2010,"spring",71,8,36
"SST","SST02",2010,"spring",55,8,36
"SST","SST03",2010,"spring",31,4,36
"SST","SST04",2010,"spring",32,4,36
"SST","SST05",2010,"spring",75,7,36
"SST","SST06",2010,"spring",255,14,36
"SST","SST07",2010,"spring",53,5,36
"SST","SST08",2010,"spring",79,6,36
"SST","SST09",2010,"spring",342,11,36
"SST","SST10",2010,"spring",122,8,36
"SST","SST11",2010,"spring",91,7,36
"SST","SST12",2010,"spring",40,5,21
"SST","SST13",2010,"spring",440,13,36
"SST","SST14",2010,"spring",85,6,36
"SST","SST15",2010,"spring",148,8,36
"SST","SST16",2010,"spring",114,8,36
"WAN","WAN01",2010,"spring",54,6,36
"WAN","WAN02",2010,"spring",66,5,36
"WAN","WAN03",2010,"spring",29,4,36
"WAN","WAN04",2010,"spring",54,5,36
"WAN","WAN05",2010,"spring",53,5,36
"WAN","WAN06",2010,"spring",57,6,36
"WAN","WAN07",2010,"spring",23,3,36
"WAN","WAN08",2010,"spring",33,4,36
"WAN","WAN09",2010,"spring",212,9,36
"WAN","WAN10",2010,"spring",52,6,36
"WAN","WAN11",2010,"spring",7,3,36
"WAN","WAN12",2010,"spring",74,5,36
"WAN","WAN13",2010,"spring",27,2,36
"WAN","WAN14",2010,"spring",27,4,36
"WAN","WAN15",2010,"spring",55,5,36
"WAN","WAN16",2010,"spring",124,10,36
"FBG","FBG01",2011,"spring",133,9,43
"FBG","FBG02",2011,"spring",181,11,43
"FBG","FBG03",2011,"spring",60,6,43
"FBG","FBG04",2011,"spring",99,7,29
"FBG","FBG05",2011,"spring",148,8,43
"FBG","FBG06",2011,"spring",112,8,43
"FBG","FBG07",2011,"spring",181,12,43
"FBG","FBG08",2011,"spring",129,10,43
"FBG","FBG09",2011,"spring",145,10,43
"FBG","FBG10",2011,"spring",98,6,43
"FBG","FBG11",2011,"spring",74,6,29
"FBG","FBG12",2011,"spring",16,3,28
"FBG","FBG13",2011,"spring",261,12,43
"FBG","FBG14",2011,"spring",163,10,43
"FBG","FBG15",2011,"spring",77,9,29
"FBG","FBG16",2011,"spring",57,7,43
"GFH","GFH01",2011,"spring",16,3,43
"GFH","GFH02",2011,"spring",67,7,43
"GFH","GFH03",2011,"spring",89,8,43
"GFH","GFH04",2011,"spring",84,8,43
"GFH","GFH05",2011,"spring",67,6,43
"GFH","GFH06",2011,"spring",15,2,43
"GFH","GFH07",2011,"spring",28,3,43
"GFH","GFH08",2011,"spring",37,5,43
"GFH","GFH09",2011,"spring",27,4,43
"GFH","GFH10",2011,"spring",35,6,43
"GFH","GFH11",2011,"spring",49,6,43
"GFH","GFH12",2011,"spring",35,4,43
"GFH","GFH13",2011,"spring",30,4,43
"GFH","GFH14",2011,"spring",30,5,43
"GFH","GFH15",2011,"spring",55,6,43
"GFH","GFH16",2011,"spring",54,5,43
"HAR","HAR01",2011,"spring",50,6,43
"HAR","HAR02",2011,"spring",188,9,43
"HAR","HAR03",2011,"spring",42,6,43
"HAR","HAR04",2011,"spring",47,5,43
"HAR","HAR05",2011,"spring",111,8,43
"HAR","HAR06",2011,"spring",44,5,28
"HAR","HAR07",2011,"spring",53,6,43
"HAR","HAR08",2011,"spring",55,6,43
"HAR","HAR09",2011,"spring",78,7,43
"HAR","HAR10",2011,"spring",134,9,43
"HAR","HAR11",2011,"spring",58,7,43
"HAR","HAR12",2011,"spring",107,8,43
"HAR","HAR13",2011,"spring",76,8,43
"HAR","HAR14",2011,"spring",60,6,43
"HAR","HAR15",2011,"spring",71,6,43
"HAR","HAR16",2011,"spring",457,8,43
"SIP","SIP01",2011,"spring",51,7,43
"SIP","SIP02",2011,"spring",79,7,43
"SIP","SIP03",2011,"spring",36,3,29
"SIP","SIP05",2011,"spring",33,4,43
"SIP","SIP06",2011,"spring",28,4,43
"SIP","SIP07",2011,"spring",55,5,43
"SIP","SIP08",2011,"spring",48,6,43
"SIP","SIP09",2011,"spring",40,6,43
"SIP","SIP10",2011,"spring",54,6,43
"SIP","SIP11",2011,"spring",52,7,43
"SIP","SIP12",2011,"spring",23,3,43
"SIP","SIP13",2011,"spring",38,5,43
"SIP","SIP14",2011,"spring",48,6,43
"SIP","SIP15",2011,"spring",38,5,43
"SIP","SIP16",2011,"spring",57,7,43
"SST","SST01",2011,"spring",78,10,43
"SST","SST02",2011,"spring",40,5,43
"SST","SST03",2011,"spring",167,9,43
"SST","SST04",2011,"spring",66,5,43
"SST","SST05",2011,"spring",70,6,43
"SST","SST06",2011,"spring",58,6,43
"SST","SST07",2011,"spring",30,4,43
"SST","SST08",2011,"spring",51,6,43
"SST","SST09",2011,"spring",83,7,43
"SST","SST10",2011,"spring",123,7,43
"SST","SST11",2011,"spring",60,4,43
"SST","SST12",2011,"spring",68,6,43
"SST","SST13",2011,"spring",126,9,43
"SST","SST14",2011,"spring",81,6,43
"SST","SST15",2011,"spring",60,8,43
"SST","SST16",2011,"spring",50,5,43
"WAN","WAN01",2011,"spring",103,8,43
"WAN","WAN02",2011,"spring",60,5,43
"WAN","WAN03",2011,"spring",52,7,43
"WAN","WAN04",2011,"spring",220,9,43
"WAN","WAN05",2011,"spring",32,5,43
"WAN","WAN06",2011,"spring",27,4,43
"WAN","WAN07",2011,"spring",57,5,43
"WAN","WAN08",2011,"spring",79,6,43
"WAN","WAN09",2011,"spring",113,8,43
"WAN","WAN10",2011,"spring",30,4,43
"WAN","WAN11",2011,"spring",11,2,43
"WAN","WAN12",2011,"spring",29,5,43
"WAN","WAN13",2011,"spring",21,3,43
"WAN","WAN14",2011,"spring",28,4,43
"WAN","WAN15",2011,"spring",44,6,43
"WAN","WAN16",2011,"spring",57,5,43
"FBG","FBG01",2012,"spring",196,11,42
"FBG","FBG02",2012,"spring",57,6,27
"FBG","FBG03",2012,"spring",54,6,42
"FBG","FBG04",2012,"spring",129,8,42
"FBG","FBG05",2012,"spring",92,6,28
"FBG","FBG06",2012,"spring",146,11,42
"FBG","FBG07",2012,"spring",167,11,42
"FBG","FBG08",2012,"spring",55,7,42
"FBG","FBG09",2012,"spring",98,7,42
"FBG","FBG10",2012,"spring",156,12,42
"FBG","FBG11",2012,"spring",46,4,42
"FBG","FBG12",2012,"spring",11,3,42
"FBG","FBG13",2012,"spring",127,11,42
"FBG","FBG14",2012,"spring",93,7,42
"FBG","FBG15",2012,"spring",80,9,42
"FBG","FBG16",2012,"spring",61,7,42
"GFH","GFH01",2012,"spring",18,3,42
"GFH","GFH02",2012,"spring",56,7,42
"GFH","GFH03",2012,"spring",73,9,42
"GFH","GFH04",2012,"spring",119,8,42
"GFH","GFH05",2012,"spring",42,5,42
"GFH","GFH06",2012,"spring",9,2,42
"GFH","GFH07",2012,"spring",18,4,42
"GFH","GFH08",2012,"spring",15,2,42
"GFH","GFH09",2012,"spring",16,4,42
"GFH","GFH10",2012,"spring",61,5,42
"GFH","GFH11",2012,"spring",62,8,42
"GFH","GFH12",2012,"spring",22,3,42
"GFH","GFH13",2012,"spring",24,4,42
"GFH","GFH14",2012,"spring",46,5,42
"GFH","GFH15",2012,"spring",28,4,42
"GFH","GFH16",2012,"spring",66,6,42
"HAR","HAR01",2012,"spring",61,5,42
"HAR","HAR02",2012,"spring",165,10,42
"HAR","HAR03",2012,"spring",67,7,42
"HAR","HAR04",2012,"spring",98,8,42
"HAR","HAR05",2012,"spring",228,16,42
"HAR","HAR06",2012,"spring",96,8,42
"HAR","HAR07",2012,"spring",116,8,42
"HAR","HAR08",2012,"spring",27,4,42
"HAR","HAR09",2012,"spring",128,9,42
"HAR","HAR10",2012,"spring",204,12,42
"HAR","HAR11",2012,"spring",293,6,42
"HAR","HAR12",2012,"spring",110,8,42
"HAR","HAR13",2012,"spring",41,5,42
"HAR","HAR14",2012,"spring",92,8,42
"HAR","HAR15",2012,"spring",191,10,42
"HAR","HAR16",2012,"spring",188,9,42
"SIP","SIP01",2012,"spring",40,4,42
"SIP","SIP02",2012,"spring",72,8,42
"SIP","SIP03",2012,"spring",31,5,42
"SIP","SIP05",2012,"spring",43,5,42
"SIP","SIP06",2012,"spring",46,5,42
"SIP","SIP07",2012,"spring",60,8,42
"SIP","SIP08",2012,"spring",39,5,42
"SIP","SIP09",2012,"spring",30,4,42
"SIP","SIP10",2012,"spring",19,4,42
"SIP","SIP11",2012,"spring",50,7,42
"SIP","SIP12",2012,"spring",18,4,42
"SIP","SIP13",2012,"spring",20,3,42
"SIP","SIP14",2012,"spring",25,5,42
"SIP","SIP15",2012,"spring",33,5,42
"SIP","SIP16",2012,"spring",37,6,42
"SST","SST01",2012,"spring",60,6,42
"SST","SST02",2012,"spring",77,6,42
"SST","SST03",2012,"spring",100,8,42
"SST","SST04",2012,"spring",51,7,42
"SST","SST05",2012,"spring",57,6,42
"SST","SST06",2012,"spring",67,5,42
"SST","SST07",2012,"spring",46,4,42
"SST","SST08",2012,"spring",30,5,42
"SST","SST09",2012,"spring",167,10,42
"SST","SST10",2012,"spring",336,11,42
"SST","SST11",2012,"spring",61,7,42
"SST","SST12",2012,"spring",92,9,42
"SST","SST13",2012,"spring",116,6,42
"SST","SST14",2012,"spring",133,9,42
"SST","SST15",2012,"spring",100,7,42
"SST","SST16",2012,"spring",79,7,42
"WAN","WAN01",2012,"spring",232,11,42
"WAN","WAN02",2012,"spring",48,4,42
"WAN","WAN03",2012,"spring",49,6,42
"WAN","WAN04",2012,"spring",130,6,42
"WAN","WAN05",2012,"spring",89,8,42
"WAN","WAN06",2012,"spring",52,6,42
"WAN","WAN07",2012,"spring",43,4,42
"WAN","WAN08",2012,"spring",34,4,42
"WAN","WAN09",2012,"spring",67,6,42
"WAN","WAN10",2012,"spring",100,10,42
"WAN","WAN11",2012,"spring",14,3,42
"WAN","WAN12",2012,"spring",103,9,42
"WAN","WAN13",2012,"spring",252,3,42
"WAN","WAN14",2012,"spring",103,6,42
"WAN","WAN15",2012,"spring",38,4,42
"WAN","WAN16",2012,"spring",39,5,42
"FBG","FBG01",2013,"spring",304,13,42
"FBG","FBG02",2013,"spring",369,17,42
"FBG","FBG03",2013,"spring",58,5,42
"FBG","FBG04",2013,"spring",136,9,42
"FBG","FBG05",2013,"spring",100,8,28
"FBG","FBG06",2013,"spring",118,7,42
"FBG","FBG07",2013,"spring",133,8,42
"FBG","FBG08",2013,"spring",87,7,42
"FBG","FBG09",2013,"spring",174,13,42
"FBG","FBG10",2013,"spring",221,10,42
"FBG","FBG11",2013,"spring",65,7,42
"FBG","FBG12",2013,"spring",41,5,42
"FBG","FBG13",2013,"spring",105,9,42
"FBG","FBG14",2013,"spring",46,4,42
"FBG","FBG15",2013,"spring",28,4,42
"FBG","FBG16",2013,"spring",104,8,42
"GFH","GFH01",2013,"spring",34,5,42
"GFH","GFH02",2013,"spring",113,10,42
"GFH","GFH03",2013,"spring",111,8,42
"GFH","GFH04",2013,"spring",146,11,42
"GFH","GFH05",2013,"spring",80,9,42
"GFH","GFH06",2013,"spring",76,6,42
"GFH","GFH07",2013,"spring",26,5,42
"GFH","GFH08",2013,"spring",27,5,42
"GFH","GFH09",2013,"spring",24,5,42
"GFH","GFH10",2013,"spring",113,11,42
"GFH","GFH11",2013,"spring",156,10,42
"GFH","GFH12",2013,"spring",44,4,42
"GFH","GFH13",2013,"spring",19,3,42
"GFH","GFH14",2013,"spring",110,8,42
"GFH","GFH15",2013,"spring",53,6,42
"GFH","GFH16",2013,"spring",94,8,42
"HAR","HAR01",2013,"spring",110,9,42
"HAR","HAR02",2013,"spring",105,8,42
"HAR","HAR03",2013,"spring",42,3,42
"HAR","HAR04",2013,"spring",87,5,42
"HAR","HAR05",2013,"spring",465,18,42
"HAR","HAR06",2013,"spring",127,9,42
"HAR","HAR07",2013,"spring",58,6,42
"HAR","HAR08",2013,"spring",84,6,42
"HAR","HAR09",2013,"spring",103,8,42
"HAR","HAR10",2013,"spring",146,13,42
"HAR","HAR11",2013,"spring",88,8,42
"HAR","HAR12",2013,"spring",78,7,42
"HAR","HAR13",2013,"spring",24,3,42
"HAR","HAR14",2013,"spring",40,6,42
"HAR","HAR15",2013,"spring",73,8,42
"HAR","HAR16",2013,"spring",122,8,42
"SIP","SIP01",2013,"spring",228,14,42
"SIP","SIP02",2013,"spring",195,12,42
"SIP","SIP03",2013,"spring",111,8,42
"SIP","SIP05",2013,"spring",96,8,42
"SIP","SIP06",2013,"spring",187,11,24
"SIP","SIP07",2013,"spring",248,13,42
"SIP","SIP08",2013,"spring",143,11,42
"SIP","SIP09",2013,"spring",314,12,42
"SIP","SIP10",2013,"spring",96,8,42
"SIP","SIP11",2013,"spring",156,10,42
"SIP","SIP12",2013,"spring",82,7,42
"SIP","SIP13",2013,"spring",192,8,42
"SIP","SIP14",2013,"spring",53,6,42
"SIP","SIP15",2013,"spring",70,5,42
"SIP","SIP16",2013,"spring",190,10,42
"SST","SST01",2013,"spring",263,14,42
"SST","SST02",2013,"spring",138,6,42
"SST","SST03",2013,"spring",177,7,42
"SST","SST04",2013,"spring",60,5,42
"SST","SST05",2013,"spring",159,8,42
"SST","SST06",2013,"spring",348,7,42
"SST","SST07",2013,"spring",58,8,42
"SST","SST08",2013,"spring",111,8,42
"SST","SST09",2013,"spring",261,9,42
"SST","SST10",2013,"spring",171,9,42
"SST","SST11",2013,"spring",100,8,42
"SST","SST12",2013,"spring",148,8,42
"SST","SST13",2013,"spring",451,9,42
"SST","SST14",2013,"spring",179,7,42
"SST","SST15",2013,"spring",108,6,42
"SST","SST16",2013,"spring",141,6,42
"WAN","WAN01",2013,"spring",186,9,42
"WAN","WAN02",2013,"spring",133,7,42
"WAN","WAN03",2013,"spring",47,6,42
"WAN","WAN04",2013,"spring",134,9,42
"WAN","WAN05",2013,"spring",149,9,42
"WAN","WAN06",2013,"spring",33,5,42
"WAN","WAN07",2013,"spring",23,3,42
"WAN","WAN08",2013,"spring",46,4,42
"WAN","WAN09",2013,"spring",60,6,42
"WAN","WAN10",2013,"spring",61,7,42
"WAN","WAN11",2013,"spring",22,3,28
"WAN","WAN12",2013,"spring",120,9,42
"WAN","WAN13",2013,"spring",360,7,42
"WAN","WAN14",2013,"spring",106,7,42
"WAN","WAN15",2013,"spring",42,5,42
"WAN","WAN16",2013,"spring",93,8,42
"FBG","FBG01",2014,"spring",77,7,42
"FBG","FBG02",2014,"spring",161,10,42
"FBG","FBG03",2014,"spring",60,4,42
"FBG","FBG04",2014,"spring",51,5,42
"FBG","FBG05",2014,"spring",57,6,42
"FBG","FBG06",2014,"spring",73,7,42
"FBG","FBG07",2014,"spring",99,6,42
"FBG","FBG08",2014,"spring",38,5,42
"FBG","FBG09",2014,"spring",209,11,42
"FBG","FBG10",2014,"spring",73,7,42
"FBG","FBG11",2014,"spring",82,9,42
"FBG","FBG12",2014,"spring",77,6,42
"FBG","FBG13",2014,"spring",116,8,42
"FBG","FBG14",2014,"spring",81,8,42
"FBG","FBG15",2014,"spring",79,7,42
"FBG","FBG16",2014,"spring",29,4,42
"GFH","GFH01",2014,"spring",35,4,42
"GFH","GFH02",2014,"spring",71,8,42
"GFH","GFH03",2014,"spring",90,7,42
"GFH","GFH04",2014,"spring",32,6,42
"GFH","GFH05",2014,"spring",43,5,42
"GFH","GFH06",2014,"spring",25,4,42
"GFH","GFH07",2014,"spring",41,5,42
"GFH","GFH08",2014,"spring",14,3,42
"GFH","GFH09",2014,"spring",15,3,42
"GFH","GFH10",2014,"spring",79,9,42
"GFH","GFH11",2014,"spring",26,4,42
"GFH","GFH12",2014,"spring",21,3,42
"GFH","GFH13",2014,"spring",29,3,42
"GFH","GFH14",2014,"spring",63,6,42
"GFH","GFH15",2014,"spring",38,4,42
"GFH","GFH16",2014,"spring",136,9,42
"HAR","HAR01",2014,"spring",125,7,42
"HAR","HAR02",2014,"spring",124,11,42
"HAR","HAR03",2014,"spring",55,6,42
"HAR","HAR04",2014,"spring",29,4,42
"HAR","HAR05",2014,"spring",120,9,42
"HAR","HAR06",2014,"spring",77,6,42
"HAR","HAR07",2014,"spring",102,7,42
"HAR","HAR08",2014,"spring",138,5,42
"HAR","HAR09",2014,"spring",96,9,42
"HAR","HAR10",2014,"spring",110,9,42
"HAR","HAR11",2014,"spring",39,6,42
"HAR","HAR12",2014,"spring",129,7,42
"HAR","HAR13",2014,"spring",70,7,42
"HAR","HAR14",2014,"spring",69,8,42
"HAR","HAR15",2014,"spring",44,6,42
"HAR","HAR16",2014,"spring",446,10,42
"SIP","SIP01",2014,"spring",69,7,42
"SIP","SIP02",2014,"spring",131,10,42
"SIP","SIP03",2014,"spring",69,9,42
"SIP","SIP05",2014,"spring",33,5,42
"SIP","SIP06",2014,"spring",43,6,42
"SIP","SIP07",2014,"spring",21,3,42
"SIP","SIP08",2014,"spring",54,7,42
"SIP","SIP09",2014,"spring",37,7,42
"SIP","SIP10",2014,"spring",41,6,42
"SIP","SIP11",2014,"spring",27,5,42
"SIP","SIP12",2014,"spring",45,4,42
"SIP","SIP13",2014,"spring",29,4,42
"SIP","SIP14",2014,"spring",56,7,42
"SIP","SIP15",2014,"spring",45,5,42
"SIP","SIP16",2014,"spring",21,4,42
"SST","SST01",2014,"spring",95,7,28
"SST","SST02",2014,"spring",80,6,42
"SST","SST03",2014,"spring",30,5,42
"SST","SST04",2014,"spring",52,6,42
"SST","SST05",2014,"spring",94,7,42
"SST","SST06",2014,"spring",52,6,42
"SST","SST07",2014,"spring",31,4,42
"SST","SST08",2014,"spring",58,5,42
"SST","SST09",2014,"spring",35,5,42
"SST","SST10",2014,"spring",139,7,42
"SST","SST11",2014,"spring",76,7,42
"SST","SST12",2014,"spring",39,5,42
"SST","SST13",2014,"spring",97,7,42
"SST","SST14",2014,"spring",122,7,42
"SST","SST15",2014,"spring",75,7,42
"SST","SST16",2014,"spring",41,6,42
"WAN","WAN01",2014,"spring",154,8,42
"WAN","WAN02",2014,"spring",78,7,42
"WAN","WAN03",2014,"spring",34,5,42
"WAN","WAN04",2014,"spring",63,5,42
"WAN","WAN05",2014,"spring",61,5,42
"WAN","WAN06",2014,"spring",27,4,42
"WAN","WAN07",2014,"spring",24,5,42
"WAN","WAN08",2014,"spring",52,5,42
"WAN","WAN09",2014,"spring",98,9,42
"WAN","WAN10",2014,"spring",50,5,42
"WAN","WAN11",2014,"spring",18,4,28
"WAN","WAN12",2014,"spring",90,9,42
"WAN","WAN13",2014,"spring",120,6,42
"WAN","WAN14",2014,"spring",47,5,42
"WAN","WAN15",2014,"spring",43,7,42
"WAN","WAN16",2014,"spring",30,4,42
"FBG","FBG01",2015,"spring",64,6,42
"FBG","FBG02",2015,"spring",68,6,28
"FBG","FBG03",2015,"spring",87,7,42
"FBG","FBG04",2015,"spring",492,8,42
"FBG","FBG05",2015,"spring",206,7,42
"FBG","FBG06",2015,"spring",162,8,42
"FBG","FBG07",2015,"spring",93,6,42
"FBG","FBG08",2015,"spring",18,3,42
"FBG","FBG09",2015,"spring",188,12,42
"FBG","FBG10",2015,"spring",232,6,42
"FBG","FBG11",2015,"spring",76,7,42
"FBG","FBG12",2015,"spring",61,6,42
"FBG","FBG13",2015,"spring",237,11,42
"FBG","FBG14",2015,"spring",58,5,42
"FBG","FBG15",2015,"spring",56,6,42
"FBG","FBG16",2015,"spring",45,5,42
"GFH","GFH01",2015,"spring",21,4,43
"GFH","GFH02",2015,"spring",140,7,43
"GFH","GFH03",2015,"spring",119,6,43
"GFH","GFH04",2015,"spring",75,8,43
"GFH","GFH05",2015,"spring",68,7,43
"GFH","GFH06",2015,"spring",20,3,43
"GFH","GFH07",2015,"spring",9,3,28
"GFH","GFH08",2015,"spring",5,2,43
"GFH","GFH09",2015,"spring",25,4,43
"GFH","GFH10",2015,"spring",55,5,43
"GFH","GFH11",2015,"spring",106,10,43
"GFH","GFH12",2015,"spring",26,4,43
"GFH","GFH13",2015,"spring",14,2,43
"GFH","GFH14",2015,"spring",69,6,43
"GFH","GFH15",2015,"spring",44,5,43
"GFH","GFH16",2015,"spring",24,4,43
"HAR","HAR01",2015,"spring",28,4,27
"HAR","HAR02",2015,"spring",315,10,41
"HAR","HAR03",2015,"spring",32,5,41
"HAR","HAR04",2015,"spring",32,5,41
"HAR","HAR05",2015,"spring",120,9,41
"HAR","HAR06",2015,"spring",338,10,41
"HAR","HAR07",2015,"spring",50,6,41
"HAR","HAR08",2015,"spring",63,5,41
"HAR","HAR09",2015,"spring",64,7,41
"HAR","HAR10",2015,"spring",36,5,27
"HAR","HAR11",2015,"spring",77,5,41
"HAR","HAR12",2015,"spring",71,5,41
"HAR","HAR13",2015,"spring",35,5,41
"HAR","HAR14",2015,"spring",64,7,41
"HAR","HAR15",2015,"spring",86,8,41
"HAR","HAR16",2015,"spring",139,9,41
"SIP","SIP01",2015,"spring",135,9,43
"SIP","SIP02",2015,"spring",101,9,29
"SIP","SIP03",2015,"spring",66,7,43
"SIP","SIP05",2015,"spring",57,7,29
"SIP","SIP06",2015,"spring",144,11,43
"SIP","SIP07",2015,"spring",155,9,43
"SIP","SIP08",2015,"spring",196,11,43
"SIP","SIP09",2015,"spring",258,12,43
"SIP","SIP10",2015,"spring",43,5,43
"SIP","SIP11",2015,"spring",77,5,43
"SIP","SIP12",2015,"spring",69,5,43
"SIP","SIP13",2015,"spring",31,6,43
"SIP","SIP14",2015,"spring",89,7,43
"SIP","SIP15",2015,"spring",109,9,43
"SIP","SIP16",2015,"spring",115,8,43
"SST","SST01",2015,"spring",80,6,42
"SST","SST02",2015,"spring",322,11,42
"SST","SST03",2015,"spring",111,8,42
"SST","SST04",2015,"spring",38,6,42
"SST","SST05",2015,"spring",42,5,42
"SST","SST06",2015,"spring",50,5,42
"SST","SST07",2015,"spring",46,4,42
"SST","SST08",2015,"spring",127,7,42
"SST","SST09",2015,"spring",65,6,42
"SST","SST10",2015,"spring",153,6,42
"SST","SST11",2015,"spring",205,8,42
"SST","SST12",2015,"spring",198,6,42
"SST","SST13",2015,"spring",175,10,42
"SST","SST14",2015,"spring",54,6,42
"SST","SST15",2015,"spring",341,7,42
"SST","SST16",2015,"spring",20,4,28
"WAN","WAN01",2015,"spring",124,8,41
"WAN","WAN02",2015,"spring",94,6,41
"WAN","WAN03",2015,"spring",29,4,41
"WAN","WAN04",2015,"spring",37,5,41
"WAN","WAN05",2015,"spring",27,4,41
"WAN","WAN06",2015,"spring",34,5,41
"WAN","WAN07",2015,"spring",2,1,28
"WAN","WAN08",2015,"spring",29,4,41
"WAN","WAN09",2015,"spring",225,13,41
"WAN","WAN10",2015,"spring",41,4,41
"WAN","WAN11",2015,"spring",23,5,41
"WAN","WAN12",2015,"spring",48,4,41
"WAN","WAN13",2015,"spring",18,4,41
"WAN","WAN14",2015,"spring",22,4,41
"WAN","WAN15",2015,"spring",37,4,41
"WAN","WAN16",2015,"spring",17,2,41
"FBG","FBG01",2016,"spring",103,8,42
"FBG","FBG02",2016,"spring",53,6,28
"FBG","FBG03",2016,"spring",29,3,42
"FBG","FBG04",2016,"spring",142,9,42
"FBG","FBG05",2016,"spring",74,6,42
"FBG","FBG06",2016,"spring",134,9,42
"FBG","FBG07",2016,"spring",58,6,42
"FBG","FBG08",2016,"spring",6,2,28
"FBG","FBG09",2016,"spring",133,8,42
"FBG","FBG10",2016,"spring",119,8,42
"FBG","FBG11",2016,"spring",48,4,42
"FBG","FBG12",2016,"spring",46,5,42
"FBG","FBG13",2016,"spring",131,9,42
"FBG","FBG14",2016,"spring",67,7,42
"FBG","FBG15",2016,"spring",71,7,42
"FBG","FBG16",2016,"spring",38,5,42
"GFH","GFH01",2016,"spring",20,3,42
"GFH","GFH02",2016,"spring",61,6,42
"GFH","GFH03",2016,"spring",86,7,42
"GFH","GFH04",2016,"spring",111,8,42
"GFH","GFH05",2016,"spring",48,7,42
"GFH","GFH06",2016,"spring",11,2,42
"GFH","GFH07",2016,"spring",23,5,42
"GFH","GFH08",2016,"spring",12,2,42
"GFH","GFH09",2016,"spring",11,3,30
"GFH","GFH10",2016,"spring",48,5,42
"GFH","GFH11",2016,"spring",43,5,42
"GFH","GFH12",2016,"spring",44,7,42
"GFH","GFH13",2016,"spring",21,4,42
"GFH","GFH14",2016,"spring",53,6,42
"GFH","GFH15",2016,"spring",37,6,42
"GFH","GFH16",2016,"spring",107,8,42
"HAR","HAR01",2016,"spring",89,7,42
"HAR","HAR02",2016,"spring",63,6,42
"HAR","HAR03",2016,"spring",34,5,42
"HAR","HAR04",2016,"spring",38,5,42
"HAR","HAR05",2016,"spring",172,9,42
"HAR","HAR06",2016,"spring",318,8,42
"HAR","HAR07",2016,"spring",66,6,42
"HAR","HAR08",2016,"spring",11,2,27
"HAR","HAR09",2016,"spring",72,7,42
"HAR","HAR10",2016,"spring",89,6,42
"HAR","HAR11",2016,"spring",32,4,42
"HAR","HAR12",2016,"spring",67,7,42
"HAR","HAR13",2016,"spring",27,5,42
"HAR","HAR14",2016,"spring",52,7,42
"HAR","HAR15",2016,"spring",82,8,42
"HAR","HAR16",2016,"spring",120,8,42
"SIP","SIP01",2016,"spring",39,7,42
"SIP","SIP02",2016,"spring",36,6,42
"SIP","SIP03",2016,"spring",56,6,42
"SIP","SIP05",2016,"spring",78,8,42
"SIP","SIP06",2016,"spring",46,7,42
"SIP","SIP07",2016,"spring",85,8,42
"SIP","SIP08",2016,"spring",48,7,42
"SIP","SIP09",2016,"spring",88,9,42
"SIP","SIP10",2016,"spring",18,3,30
"SIP","SIP11",2016,"spring",56,7,42
"SIP","SIP12",2016,"spring",20,3,42
"SIP","SIP13",2016,"spring",21,3,42
"SIP","SIP14",2016,"spring",29,5,42
"SIP","SIP15",2016,"spring",72,9,42
"SIP","SIP16",2016,"spring",44,7,42
"SST","SST01",2016,"spring",144,10,42
"SST","SST02",2016,"spring",125,8,42
"SST","SST03",2016,"spring",107,7,42
"SST","SST04",2016,"spring",114,7,42
"SST","SST05",2016,"spring",102,7,42
"SST","SST06",2016,"spring",23,4,28
"SST","SST07",2016,"spring",46,5,42
"SST","SST08",2016,"spring",52,5,28
"SST","SST09",2016,"spring",22,3,42
"SST","SST10",2016,"spring",156,8,42
"SST","SST11",2016,"spring",98,6,42
"SST","SST12",2016,"spring",40,4,28
"SST","SST13",2016,"spring",45,6,42
"SST","SST14",2016,"spring",325,9,42
"SST","SST15",2016,"spring",75,5,42
"SST","SST16",2016,"spring",69,5,42
"WAN","WAN01",2016,"spring",161,8,42
"WAN","WAN02",2016,"spring",70,7,42
"WAN","WAN03",2016,"spring",110,7,42
"WAN","WAN04",2016,"spring",78,8,42
"WAN","WAN05",2016,"spring",131,8,42
"WAN","WAN06",2016,"spring",22,5,42
"WAN","WAN07",2016,"spring",10,3,42
"WAN","WAN08",2016,"spring",54,2,42
"WAN","WAN09",2016,"spring",110,10,42
"WAN","WAN10",2016,"spring",42,5,42
"WAN","WAN11",2016,"spring",25,3,42
"WAN","WAN12",2016,"spring",162,8,42
"WAN","WAN13",2016,"spring",53,3,42
"WAN","WAN14",2016,"spring",49,5,42
"WAN","WAN15",2016,"spring",44,4,42
"WAN","WAN16",2016,"spring",50,7,42
"FBG","FBG01",2017,"spring",186,11,41
"FBG","FBG02",2017,"spring",1,1,14
"FBG","FBG03",2017,"spring",52,7,41
"FBG","FBG04",2017,"spring",86,8,41
"FBG","FBG05",2017,"spring",88,7,41
"FBG","FBG06",2017,"spring",182,13,41
"FBG","FBG09",2017,"spring",169,9,41
"FBG","FBG10",2017,"spring",267,11,41
"FBG","FBG11",2017,"spring",150,10,41
"FBG","FBG12",2017,"spring",99,10,41
"FBG","FBG13",2017,"spring",782,17,41
"FBG","FBG14",2017,"spring",75,7,41
"FBG","FBG15",2017,"spring",138,11,41
"FBG","FBG16",2017,"spring",53,5,41
"GFH","GFH01",2017,"spring",31,5,41
"GFH","GFH02",2017,"spring",78,6,41
"GFH","GFH04",2017,"spring",77,8,41
"GFH","GFH05",2017,"spring",88,8,41
"GFH","GFH06",2017,"spring",11,2,41
"GFH","GFH07",2017,"spring",56,6,41
"GFH","GFH08",2017,"spring",20,3,41
"GFH","GFH09",2017,"spring",52,5,41
"GFH","GFH10",2017,"spring",24,4,41
"GFH","GFH11",2017,"spring",93,9,41
"GFH","GFH13",2017,"spring",24,4,41
"GFH","GFH14",2017,"spring",36,5,41
"HAR","HAR01",2017,"spring",192,11,41
"HAR","HAR04",2017,"spring",57,5,41
"HAR","HAR05",2017,"spring",426,14,41
"HAR","HAR06",2017,"spring",513,15,41
"HAR","HAR07",2017,"spring",115,7,41
"HAR","HAR08",2017,"spring",47,5,41
"HAR","HAR10",2017,"spring",232,14,41
"HAR","HAR11",2017,"spring",139,12,41
"HAR","HAR12",2017,"spring",49,6,28
"HAR","HAR15",2017,"spring",177,10,41
"HAR","HAR16",2017,"spring",162,11,41
"SIP","SIP01",2017,"spring",140,13,41
"SIP","SIP02",2017,"spring",65,8,41
"SIP","SIP03",2017,"spring",64,7,41
"SIP","SIP05",2017,"spring",30,5,41
"SIP","SIP06",2017,"spring",7,2,14
"SIP","SIP07",2017,"spring",94,5,41
"SIP","SIP08",2017,"spring",32,4,42
"SIP","SIP09",2017,"spring",39,4,55
"SIP","SIP10",2017,"spring",4,2,14
"SIP","SIP11",2017,"spring",49,6,41
"SIP","SIP12",2017,"spring",56,5,55
"SIP","SIP13",2017,"spring",28,5,41
"SIP","SIP14",2017,"spring",35,5,41
"SIP","SIP15",2017,"spring",8,2,14
"SIP","SIP16",2017,"spring",5,1,14
"SST","SST01",2017,"spring",204,12,41
"SST","SST03",2017,"spring",212,9,41
"SST","SST04",2017,"spring",128,9,41
"SST","SST05",2017,"spring",86,9,41
"SST","SST07",2017,"spring",112,8,41
"SST","SST08",2017,"spring",151,8,41
"SST","SST09",2017,"spring",34,4,41
"SST","SST11",2017,"spring",293,12,41
"SST","SST12",2017,"spring",192,8,41
"SST","SST13",2017,"spring",118,8,41
"SST","SST14",2017,"spring",148,7,41
"SST","SST15",2017,"spring",503,8,14
"SST","SST16",2017,"spring",158,11,27
"WAN","WAN01",2017,"spring",41,6,14
"WAN","WAN03",2017,"spring",47,6,27
"WAN","WAN04",2017,"spring",45,5,13
"WAN","WAN07",2017,"spring",34,3,41
"WAN","WAN08",2017,"spring",82,5,41
"WAN","WAN09",2017,"spring",206,12,28
"WAN","WAN10",2017,"spring",44,7,14
"WAN","WAN11",2017,"spring",25,4,27
"WAN","WAN12",2017,"spring",108,8,13
"WAN","WAN13",2017,"spring",59,5,28
"WAN","WAN14",2017,"spring",131,8,41
"WAN","WAN15",2017,"spring",24,2,27
"WAN","WAN16",2017,"spring",46,8,27
"FBG","FBG01",2018,"spring",271,14,42
"FBG","FBG02",2018,"spring",358,13,42
"FBG","FBG03",2018,"spring",183,8,42
"FBG","FBG04",2018,"spring",215,10,42
"FBG","FBG05",2018,"spring",162,10,42
"FBG","FBG06",2018,"spring",252,14,42
"FBG","FBG07",2018,"spring",220,12,42
"FBG","FBG08",2018,"spring",118,7,42
"FBG","FBG09",2018,"spring",195,11,42
"FBG","FBG10",2018,"spring",248,14,42
"FBG","FBG11",2018,"spring",214,11,42
"FBG","FBG12",2018,"spring",184,11,42
"FBG","FBG13",2018,"spring",254,14,42
"FBG","FBG14",2018,"spring",245,13,42
"FBG","FBG15",2018,"spring",221,10,42
"FBG","FBG16",2018,"spring",159,9,42
"GFH","GFH01",2018,"spring",43,5,42
"GFH","GFH02",2018,"spring",108,8,42
"GFH","GFH04",2018,"spring",117,9,42
"GFH","GFH05",2018,"spring",116,8,42
"GFH","GFH06",2018,"spring",135,6,42
"GFH","GFH07",2018,"spring",28,5,42
"GFH","GFH08",2018,"spring",34,5,42
"GFH","GFH09",2018,"spring",63,6,42
"GFH","GFH10",2018,"spring",35,3,42
"GFH","GFH11",2018,"spring",123,9,42
"GFH","GFH12",2018,"spring",80,7,42
"GFH","GFH13",2018,"spring",45,4,42
"GFH","GFH14",2018,"spring",75,7,28
"GFH","GFH15",2018,"spring",64,6,42
"GFH","GFH16",2018,"spring",272,10,42
"HAR","HAR01",2018,"spring",51,7,42
"HAR","HAR02",2018,"spring",197,12,42
"HAR","HAR03",2018,"spring",114,8,42
"HAR","HAR04",2018,"spring",58,6,42
"HAR","HAR05",2018,"spring",134,8,42
"HAR","HAR06",2018,"spring",125,9,42
"HAR","HAR07",2018,"spring",38,5,42
"HAR","HAR08",2018,"spring",119,7,42
"HAR","HAR09",2018,"spring",109,8,42
"HAR","HAR10",2018,"spring",127,9,42
"HAR","HAR11",2018,"spring",85,8,42
"HAR","HAR12",2018,"spring",78,6,42
"HAR","HAR13",2018,"spring",83,8,42
"HAR","HAR14",2018,"spring",61,8,42
"HAR","HAR15",2018,"spring",240,11,42
"HAR","HAR16",2018,"spring",289,10,42
"SIP","SIP01",2018,"spring",165,12,42
"SIP","SIP02",2018,"spring",50,6,42
"SIP","SIP03",2018,"spring",65,7,42
"SIP","SIP05",2018,"spring",91,8,42
"SIP","SIP06",2018,"spring",120,10,42
"SIP","SIP07",2018,"spring",28,5,42
"SIP","SIP08",2018,"spring",81,8,42
"SIP","SIP09",2018,"spring",102,10,42
"SIP","SIP10",2018,"spring",65,8,42
"SIP","SIP11",2018,"spring",61,7,42
"SIP","SIP12",2018,"spring",32,5,42
"SIP","SIP13",2018,"spring",36,5,42
"SIP","SIP14",2018,"spring",145,9,42
"SIP","SIP15",2018,"spring",71,6,42
"SIP","SIP16",2018,"spring",100,9,42
"SST","SST01",2018,"spring",286,12,42
"SST","SST02",2018,"spring",203,9,42
"SST","SST03",2018,"spring",358,16,42
"SST","SST04",2018,"spring",191,8,42
"SST","SST05",2018,"spring",211,9,42
"SST","SST06",2018,"spring",792,12,28
"SST","SST07",2018,"spring",119,8,42
"SST","SST08",2018,"spring",231,8,42
"SST","SST09",2018,"spring",231,11,42
"SST","SST10",2018,"spring",2909,18,42
"SST","SST11",2018,"spring",378,12,42
"SST","SST12",2018,"spring",1407,14,42
"SST","SST13",2018,"spring",279,13,42
"SST","SST14",2018,"spring",668,9,42
"SST","SST15",2018,"spring",4247,14,42
"SST","SST16",2018,"spring",963,12,42
"WAN","WAN01",2018,"spring",523,15,42
"WAN","WAN02",2018,"spring",119,9,28
"WAN","WAN03",2018,"spring",207,8,28
"WAN","WAN04",2018,"spring",271,10,42
"WAN","WAN05",2018,"spring",300,10,28
"WAN","WAN06",2018,"spring",136,10,42
"WAN","WAN07",2018,"spring",110,5,28
"WAN","WAN08",2018,"spring",177,9,42
"WAN","WAN09",2018,"spring",856,21,42
"WAN","WAN10",2018,"spring",65,7,28
"WAN","WAN11",2018,"spring",52,6,42
"WAN","WAN12",2018,"spring",434,14,42
"WAN","WAN13",2018,"spring",21,3,14
"WAN","WAN14",2018,"spring",45,5,28
"WAN","WAN15",2018,"spring",130,8,42
"WAN","WAN16",2018,"spring",63,7,42
"FBG","FBG01",2019,"spring",515,17,42
"FBG","FBG02",2019,"spring",229,12,28
"FBG","FBG03",2019,"spring",160,7,42
"FBG","FBG04",2019,"spring",248,15,42
"FBG","FBG05",2019,"spring",153,9,28
"FBG","FBG06",2019,"spring",483,13,42
"FBG","FBG07",2019,"spring",334,15,42
"FBG","FBG08",2019,"spring",146,10,42
"FBG","FBG09",2019,"spring",581,17,42
"FBG","FBG10",2019,"spring",206,12,42
"FBG","FBG11",2019,"spring",278,12,42
"FBG","FBG12",2019,"spring",226,11,42
"FBG","FBG13",2019,"spring",1912,24,42
"FBG","FBG14",2019,"spring",467,16,42
"FBG","FBG15",2019,"spring",503,16,42
"FBG","FBG16",2019,"spring",122,10,42
"GFH","GFH01",2019,"spring",36,4,43
"GFH","GFH02",2019,"spring",163,10,28
"GFH","GFH03",2019,"spring",333,13,43
"GFH","GFH04",2019,"spring",119,8,43
"GFH","GFH05",2019,"spring",178,11,43
"GFH","GFH06",2019,"spring",98,7,28
"GFH","GFH07",2019,"spring",127,10,43
"GFH","GFH08",2019,"spring",103,7,43
"GFH","GFH09",2019,"spring",38,6,43
"GFH","GFH10",2019,"spring",91,7,43
"GFH","GFH11",2019,"spring",89,8,43
"GFH","GFH12",2019,"spring",120,8,43
"GFH","GFH13",2019,"spring",54,7,43
"GFH","GFH14",2019,"spring",91,8,43
"GFH","GFH15",2019,"spring",146,11,43
"GFH","GFH16",2019,"spring",277,13,43
"HAR","HAR01",2019,"spring",125,10,42
"HAR","HAR02",2019,"spring",165,12,42
"HAR","HAR03",2019,"spring",221,9,28
"HAR","HAR04",2019,"spring",131,9,42
"HAR","HAR05",2019,"spring",301,16,42
"HAR","HAR06",2019,"spring",203,13,42
"HAR","HAR07",2019,"spring",180,8,42
"HAR","HAR08",2019,"spring",157,8,42
"HAR","HAR09",2019,"spring",314,13,42
"HAR","HAR10",2019,"spring",178,11,42
"HAR","HAR11",2019,"spring",93,8,42
"HAR","HAR12",2019,"spring",110,7,42
"HAR","HAR13",2019,"spring",106,8,42
"HAR","HAR14",2019,"spring",242,12,42
"HAR","HAR15",2019,"spring",293,11,42
"HAR","HAR16",2019,"spring",153,9,42
"SIP","SIP01",2019,"spring",91,7,43
"SIP","SIP02",2019,"spring",75,7,43
"SIP","SIP03",2019,"spring",199,9,43
"SIP","SIP05",2019,"spring",65,8,43
"SIP","SIP06",2019,"spring",182,11,43
"SIP","SIP07",2019,"spring",40,5,43
"SIP","SIP08",2019,"spring",63,7,43
"SIP","SIP09",2019,"spring",100,6,43
"SIP","SIP10",2019,"spring",75,7,43
"SIP","SIP11",2019,"spring",88,6,43
"SIP","SIP12",2019,"spring",43,6,43
"SIP","SIP13",2019,"spring",55,6,43
"SIP","SIP14",2019,"spring",208,9,43
"SIP","SIP15",2019,"spring",145,10,43
"SIP","SIP16",2019,"spring",81,8,43
"SST","SST01",2019,"spring",296,14,42
"SST","SST02",2019,"spring",520,12,42
"SST","SST03",2019,"spring",588,14,42
"SST","SST04",2019,"spring",1073,17,42
"SST","SST05",2019,"spring",470,15,42
"SST","SST06",2019,"spring",41,5,14
"SST","SST07",2019,"spring",163,8,42
"SST","SST08",2019,"spring",764,14,42
"SST","SST09",2019,"spring",384,14,42
"SST","SST10",2019,"spring",1527,13,42
"SST","SST11",2019,"spring",3092,11,42
"SST","SST12",2019,"spring",660,12,42
"SST","SST13",2019,"spring",522,15,42
"SST","SST14",2019,"spring",1599,15,42
"SST","SST15",2019,"spring",1703,12,42
"SST","SST16",2019,"spring",3129,19,42
"WAN","WAN01",2019,"spring",358,15,42
"WAN","WAN02",2019,"spring",229,10,42
"WAN","WAN03",2019,"spring",145,7,42
"WAN","WAN04",2019,"spring",327,13,42
"WAN","WAN05",2019,"spring",204,11,42
"WAN","WAN06",2019,"spring",192,11,42
"WAN","WAN07",2019,"spring",36,4,42
"WAN","WAN08",2019,"spring",130,6,42
"WAN","WAN09",2019,"spring",813,23,42
"WAN","WAN10",2019,"spring",177,12,42
"WAN","WAN11",2019,"spring",62,5,28
"WAN","WAN12",2019,"spring",437,15,42
"WAN","WAN13",2019,"spring",284,10,42
"WAN","WAN14",2019,"spring",71,5,42
"WAN","WAN15",2019,"spring",73,5,42
"WAN","WAN16",2019,"spring",72,7,42
"FBG","FBG01",2020,"spring",260,10,42
"FBG","FBG02",2020,"spring",86,7,42
"FBG","FBG03",2020,"spring",14,3,14
"FBG","FBG04",2020,"spring",96,8,42
"FBG","FBG05",2020,"spring",86,8,28
"FBG","FBG06",2020,"spring",16,3,28
"FBG","FBG07",2020,"spring",27,4,42
"FBG","FBG08",2020,"spring",62,6,42
"FBG","FBG09",2020,"spring",699,14,42
"FBG","FBG10",2020,"spring",85,8,28
"FBG","FBG11",2020,"spring",100,10,42
"FBG","FBG12",2020,"spring",69,4,42
"FBG","FBG13",2020,"spring",118,9,42
"FBG","FBG14",2020,"spring",103,8,42
"FBG","FBG15",2020,"spring",40,4,42
"FBG","FBG16",2020,"spring",71,7,42
"GFH","GFH01",2020,"spring",40,5,43
"GFH","GFH02",2020,"spring",110,8,43
"GFH","GFH03",2020,"spring",168,11,43
"GFH","GFH04",2020,"spring",117,9,43
"GFH","GFH05",2020,"spring",135,9,43
"GFH","GFH06",2020,"spring",31,5,43
"GFH","GFH07",2020,"spring",39,4,28
"GFH","GFH08",2020,"spring",39,5,43
"GFH","GFH09",2020,"spring",22,3,43
"GFH","GFH10",2020,"spring",66,8,43
"GFH","GFH11",2020,"spring",121,7,43
"GFH","GFH12",2020,"spring",73,9,43
"GFH","GFH13",2020,"spring",63,7,43
"GFH","GFH14",2020,"spring",110,6,43
"GFH","GFH15",2020,"spring",80,7,43
"GFH","GFH16",2020,"spring",148,7,43
"HAR","HAR01",2020,"spring",50,6,42
"HAR","HAR02",2020,"spring",124,10,42
"HAR","HAR03",2020,"spring",90,6,42
"HAR","HAR04",2020,"spring",68,4,42
"HAR","HAR05",2020,"spring",84,7,42
"HAR","HAR06",2020,"spring",55,6,42
"HAR","HAR07",2020,"spring",45,6,42
"HAR","HAR08",2020,"spring",52,6,42
"HAR","HAR09",2020,"spring",56,7,42
"HAR","HAR10",2020,"spring",63,6,42
"HAR","HAR11",2020,"spring",27,4,28
"HAR","HAR12",2020,"spring",33,7,42
"HAR","HAR13",2020,"spring",28,4,42
"HAR","HAR14",2020,"spring",24,4,42
"HAR","HAR15",2020,"spring",170,8,42
"HAR","HAR16",2020,"spring",78,6,42
"SIP","SIP01",2020,"spring",59,5,29
"SIP","SIP02",2020,"spring",26,3,29
"SIP","SIP03",2020,"spring",19,3,15
"SIP","SIP05",2020,"spring",28,5,29
"SIP","SIP06",2020,"spring",30,5,15
"SIP","SIP07",2020,"spring",53,5,15
"SIP","SIP08",2020,"spring",37,4,29
"SIP","SIP09",2020,"spring",42,5,29
"SIP","SIP10",2020,"spring",38,5,29
"SIP","SIP12",2020,"spring",28,5,29
"SIP","SIP13",2020,"spring",30,5,29
"SIP","SIP14",2020,"spring",36,5,29
"SIP","SIP15",2020,"spring",47,5,29
"SIP","SIP16",2020,"spring",26,4,29
"SST","SST01",2020,"spring",193,13,42
"SST","SST02",2020,"spring",181,9,42
"SST","SST03",2020,"spring",347,11,42
"SST","SST04",2020,"spring",207,10,42
"SST","SST05",2020,"spring",82,8,42
"SST","SST06",2020,"spring",192,10,42
"SST","SST07",2020,"spring",72,6,42
"SST","SST08",2020,"spring",608,12,42
"SST","SST09",2020,"spring",100,8,42
"SST","SST10",2020,"spring",104,8,28
"SST","SST11",2020,"spring",95,6,42
"SST","SST12",2020,"spring",228,10,42
"SST","SST13",2020,"spring",220,13,42
"SST","SST14",2020,"spring",143,10,42
"SST","SST15",2020,"spring",119,10,42
"SST","SST16",2020,"spring",54,5,42
"WAN","WAN01",2020,"spring",45,5,28
"WAN","WAN02",2020,"spring",39,5,28
"WAN","WAN03",2020,"spring",20,4,28
"WAN","WAN04",2020,"spring",20,2,14
"WAN","WAN05",2020,"spring",84,7,28
"WAN","WAN06",2020,"spring",38,4,14
"WAN","WAN07",2020,"spring",10,2,28
"WAN","WAN08",2020,"spring",43,6,28
"WAN","WAN09",2020,"spring",173,10,28
"WAN","WAN10",2020,"spring",21,4,14
"WAN","WAN11",2020,"spring",13,2,28
"WAN","WAN12",2020,"spring",92,7,14
"WAN","WAN13",2020,"spring",7,2,14
"WAN","WAN14",2020,"spring",24,3,28
"WAN","WAN15",2020,"spring",22,3,14
"WAN","WAN16",2020,"spring",40,5,14
"FBG","FBG01",2021,"spring",314,12,56
"FBG","FBG02",2021,"spring",173,9,42
"FBG","FBG02*",2021,"spring",28,5,14
"FBG","FBG03",2021,"spring",107,10,56
"FBG","FBG04",2021,"spring",104,9,42
"FBG","FBG05",2021,"spring",158,9,42
"FBG","FBG06",2021,"spring",186,14,56
"FBG","FBG07",2021,"spring",486,17,56
"FBG","FBG08",2021,"spring",20,4,42
"FBG","FBG09",2021,"spring",255,11,56
"FBG","FBG10",2021,"spring",227,14,56
"FBG","FBG11",2021,"spring",161,10,56
"FBG","FBG12",2021,"spring",190,12,56
"FBG","FBG13",2021,"spring",469,15,56
"FBG","FBG14",2021,"spring",251,13,56
"FBG","FBG15",2021,"spring",65,7,42
"FBG","FBG16",2021,"spring",177,10,56
"GFH","GFH01",2021,"spring",102,6,56
"GFH","GFH02",2021,"spring",309,10,56
"GFH","GFH03",2021,"spring",264,13,56
"GFH","GFH04",2021,"spring",129,9,56
"GFH","GFH05",2021,"spring",171,8,42
"GFH","GFH06",2021,"spring",64,8,56
"GFH","GFH07",2021,"spring",68,7,56
"GFH","GFH08",2021,"spring",80,7,56
"GFH","GFH09",2021,"spring",46,6,56
"GFH","GFH10",2021,"spring",192,12,56
"GFH","GFH11",2021,"spring",88,7,56
"GFH","GFH12",2021,"spring",110,8,56
"GFH","GFH13",2021,"spring",62,6,56
"GFH","GFH14",2021,"spring",162,9,56
"GFH","GFH15",2021,"spring",188,9,56
"GFH","GFH16",2021,"spring",254,14,56
"HAR","HAR01",2021,"spring",441,17,56
"HAR","HAR02",2021,"spring",178,12,56
"HAR","HAR03",2021,"spring",265,8,56
"HAR","HAR04",2021,"spring",110,7,56
"HAR","HAR05",2021,"spring",203,13,56
"HAR","HAR06",2021,"spring",155,8,56
"HAR","HAR07",2021,"spring",96,10,56
"HAR","HAR08",2021,"spring",84,9,56
"HAR","HAR09",2021,"spring",165,13,42
"HAR","HAR10",2021,"spring",90,7,56
"HAR","HAR11",2021,"spring",141,9,56
"HAR","HAR12",2021,"spring",98,8,56
"HAR","HAR13",2021,"spring",114,7,42
"HAR","HAR14",2021,"spring",84,8,56
"HAR","HAR15",2021,"spring",195,12,56
"HAR","HAR16",2021,"spring",118,10,56
"SIP","SIP01",2021,"spring",147,9,56
"SIP","SIP02",2021,"spring",69,7,42
"SIP","SIP03",2021,"spring",103,10,56
"SIP","SIP05",2021,"spring",170,9,56
"SIP","SIP06",2021,"spring",182,10,56
"SIP","SIP07",2021,"spring",152,11,56
"SIP","SIP08",2021,"spring",60,8,56
"SIP","SIP09",2021,"spring",74,8,56
"SIP","SIP10",2021,"spring",53,6,56
"SIP","SIP11",2021,"spring",91,8,56
"SIP","SIP12",2021,"spring",109,7,56
"SIP","SIP13",2021,"spring",75,9,56
"SIP","SIP14",2021,"spring",66,9,56
"SIP","SIP15",2021,"spring",192,11,42
"SIP","SIP16",2021,"spring",98,8,56
"SST","SST01",2021,"spring",197,14,56
"SST","SST02",2021,"spring",276,13,56
"SST","SST03",2021,"spring",464,14,56
"SST","SST04",2021,"spring",610,12,42
"SST","SST05",2021,"spring",287,11,56
"SST","SST06",2021,"spring",307,14,42
"SST","SST07",2021,"spring",133,9,56
"SST","SST08",2021,"spring",189,11,56
"SST","SST09",2021,"spring",300,15,56
"SST","SST10",2021,"spring",157,8,56
"SST","SST11",2021,"spring",434,9,56
"SST","SST12",2021,"spring",110,7,42
"SST","SST13",2021,"spring",235,13,56
"SST","SST14",2021,"spring",73,7,56
"SST","SST15",2021,"spring",121,11,56
"SST","SST16",2021,"spring",170,11,56
"WAN","WAN01",2021,"spring",124,8,56
"WAN","WAN02",2021,"spring",121,10,56
"WAN","WAN03",2021,"spring",110,6,56
"WAN","WAN04",2021,"spring",124,9,56
"WAN","WAN05",2021,"spring",99,9,56
"WAN","WAN06",2021,"spring",220,12,56
"WAN","WAN07",2021,"spring",47,5,56
"WAN","WAN08",2021,"spring",117,9,42
"WAN","WAN09",2021,"spring",77,6,56
"WAN","WAN10",2021,"spring",190,12,42
"WAN","WAN11",2021,"spring",27,5,56
"WAN","WAN12",2021,"spring",236,8,28
"WAN","WAN13",2021,"spring",40,6,42
"WAN","WAN14",2021,"spring",72,9,56
"WAN","WAN15",2021,"spring",96,8,56
"WAN","WAN16",2021,"spring",62,8,56
"FBG","FBG01",2010,"summer",117,10,42
"FBG","FBG02",2010,"summer",39,4,42
"FBG","FBG03",2010,"summer",10,2,42
"FBG","FBG04",2010,"summer",19,3,42
"FBG","FBG05",2010,"summer",41,6,42
"FBG","FBG06",2010,"summer",56,7,42
"FBG","FBG07",2010,"summer",139,9,42
"FBG","FBG08",2010,"summer",83,8,42
"FBG","FBG09",2010,"summer",58,6,42
"FBG","FBG10",2010,"summer",60,8,42
"FBG","FBG11",2010,"summer",33,5,42
"FBG","FBG12",2010,"summer",1,1,14
"FBG","FBG13",2010,"summer",37,5,42
"FBG","FBG14",2010,"summer",9,2,42
"FBG","FBG15",2010,"summer",39,6,42
"FBG","FBG16",2010,"summer",34,3,42
"GFH","GFH01",2010,"summer",9,2,42
"GFH","GFH02",2010,"summer",17,3,42
"GFH","GFH03",2010,"summer",21,4,42
"GFH","GFH04",2010,"summer",48,6,42
"GFH","GFH05",2010,"summer",19,4,42
"GFH","GFH06",2010,"summer",13,4,42
"GFH","GFH07",2010,"summer",4,1,42
"GFH","GFH08",2010,"summer",8,2,42
"GFH","GFH09",2010,"summer",18,3,42
"GFH","GFH10",2010,"summer",20,4,42
"GFH","GFH11",2010,"summer",21,4,42
"GFH","GFH12",2010,"summer",14,4,42
"GFH","GFH13",2010,"summer",26,3,42
"GFH","GFH14",2010,"summer",69,6,42
"GFH","GFH15",2010,"summer",38,4,42
"GFH","GFH16",2010,"summer",58,8,42
"HAR","HAR01",2010,"summer",10,2,42
"HAR","HAR02",2010,"summer",16,2,42
"HAR","HAR03",2010,"summer",19,4,42
"HAR","HAR04",2010,"summer",8,3,42
"HAR","HAR05",2010,"summer",35,6,42
"HAR","HAR06",2010,"summer",13,3,42
"HAR","HAR07",2010,"summer",44,2,42
"HAR","HAR08",2010,"summer",15,3,28
"HAR","HAR09",2010,"summer",44,5,42
"HAR","HAR10",2010,"summer",33,4,42
"HAR","HAR11",2010,"summer",54,2,42
"HAR","HAR12",2010,"summer",25,2,28
"HAR","HAR13",2010,"summer",42,5,42
"HAR","HAR14",2010,"summer",43,5,42
"HAR","HAR15",2010,"summer",50,3,42
"HAR","HAR16",2010,"summer",26,4,42
"SIP","SIP01",2010,"summer",8,2,28
"SIP","SIP02",2010,"summer",26,4,42
"SIP","SIP03",2010,"summer",17,4,42
"SIP","SIP05",2010,"summer",7,3,42
"SIP","SIP06",2010,"summer",16,4,42
"SIP","SIP07",2010,"summer",24,3,42
"SIP","SIP08",2010,"summer",27,5,42
"SIP","SIP09",2010,"summer",40,6,42
"SIP","SIP10",2010,"summer",23,4,42
"SIP","SIP11",2010,"summer",6,2,42
"SIP","SIP12",2010,"summer",20,5,42
"SIP","SIP13",2010,"summer",13,3,42
"SIP","SIP14",2010,"summer",48,6,42
"SIP","SIP15",2010,"summer",17,3,42
"SIP","SIP16",2010,"summer",23,4,28
"SST","SST01",2010,"summer",14,3,42
"SST","SST02",2010,"summer",22,4,42
"SST","SST03",2010,"summer",15,3,42
"SST","SST04",2010,"summer",12,2,42
"SST","SST05",2010,"summer",22,3,42
"SST","SST06",2010,"summer",16,3,42
"SST","SST07",2010,"summer",4,1,28
"SST","SST08",2010,"summer",9,2,42
"SST","SST09",2010,"summer",15,4,42
"SST","SST10",2010,"summer",11,3,42
"SST","SST11",2010,"summer",13,3,42
"SST","SST12",2010,"summer",28,5,42
"SST","SST13",2010,"summer",28,4,42
"SST","SST14",2010,"summer",13,2,42
"SST","SST15",2010,"summer",17,4,42
"SST","SST16",2010,"summer",8,2,42
"WAN","WAN01",2010,"summer",27,5,28
"WAN","WAN02",2010,"summer",4,2,28
"WAN","WAN03",2010,"summer",7,2,28
"WAN","WAN04",2010,"summer",7,2,28
"WAN","WAN05",2010,"summer",6,2,14
"WAN","WAN06",2010,"summer",10,1,42
"WAN","WAN07",2010,"summer",9,3,42
"WAN","WAN08",2010,"summer",2,1,28
"WAN","WAN09",2010,"summer",14,3,28
"WAN","WAN10",2010,"summer",41,5,42
"WAN","WAN11",2010,"summer",8,2,42
"WAN","WAN12",2010,"summer",18,3,42
"WAN","WAN13",2010,"summer",2,1,28
"WAN","WAN14",2010,"summer",8,2,42
"WAN","WAN15",2010,"summer",25,4,42
"WAN","WAN16",2010,"summer",16,3,28
"FBG","FBG01",2011,"summer",135,8,42
"FBG","FBG02",2011,"summer",42,4,42
"FBG","FBG03",2011,"summer",16,3,28
"FBG","FBG04",2011,"summer",45,5,42
"FBG","FBG05",2011,"summer",110,8,42
"FBG","FBG06",2011,"summer",103,7,42
"FBG","FBG07",2011,"summer",50,5,28
"FBG","FBG08",2011,"summer",103,9,42
"FBG","FBG09",2011,"summer",35,5,42
"FBG","FBG10",2011,"summer",43,6,14
"FBG","FBG11",2011,"summer",29,4,28
"FBG","FBG12",2011,"summer",18,4,42
"FBG","FBG13",2011,"summer",81,7,42
"FBG","FBG14",2011,"summer",196,9,42
"FBG","FBG15",2011,"summer",27,4,42
"FBG","FBG16",2011,"summer",26,4,42
"GFH","GFH01",2011,"summer",4,1,28
"GFH","GFH02",2011,"summer",8,2,28
"GFH","GFH03",2011,"summer",10,3,42
"GFH","GFH04",2011,"summer",49,6,42
"GFH","GFH05",2011,"summer",48,6,42
"GFH","GFH06",2011,"summer",10,3,28
"GFH","GFH07",2011,"summer",11,4,42
"GFH","GFH08",2011,"summer",15,3,42
"GFH","GFH09",2011,"summer",13,3,42
"GFH","GFH10",2011,"summer",36,5,42
"GFH","GFH11",2011,"summer",41,5,42
"GFH","GFH12",2011,"summer",27,5,42
"GFH","GFH13",2011,"summer",24,3,42
"GFH","GFH14",2011,"summer",36,5,42
"GFH","GFH15",2011,"summer",41,3,42
"GFH","GFH16",2011,"summer",32,3,42
"HAR","HAR01",2011,"summer",15,3,42
"HAR","HAR02",2011,"summer",7,2,28
"HAR","HAR03",2011,"summer",15,2,42
"HAR","HAR04",2011,"summer",5,2,28
"HAR","HAR05",2011,"summer",56,6,42
"HAR","HAR06",2011,"summer",18,3,42
"HAR","HAR07",2011,"summer",11,3,42
"HAR","HAR08",2011,"summer",6,2,42
"HAR","HAR09",2011,"summer",48,6,42
"HAR","HAR10",2011,"summer",46,6,42
"HAR","HAR11",2011,"summer",15,4,42
"HAR","HAR12",2011,"summer",71,5,42
"HAR","HAR13",2011,"summer",30,4,28
"HAR","HAR14",2011,"summer",33,5,42
"HAR","HAR15",2011,"summer",68,5,42
"HAR","HAR16",2011,"summer",63,6,42
"SIP","SIP01",2011,"summer",10,2,42
"SIP","SIP02",2011,"summer",19,4,42
"SIP","SIP03",2011,"summer",29,5,42
"SIP","SIP05",2011,"summer",4,1,28
"SIP","SIP06",2011,"summer",9,2,42
"SIP","SIP07",2011,"summer",7,2,28
"SIP","SIP08",2011,"summer",15,4,42
"SIP","SIP09",2011,"summer",27,5,42
"SIP","SIP10",2011,"summer",5,1,28
"SIP","SIP11",2011,"summer",4,1,14
"SIP","SIP12",2011,"summer",25,5,42
"SIP","SIP13",2011,"summer",24,5,42
"SIP","SIP14",2011,"summer",8,3,42
"SIP","SIP15",2011,"summer",8,2,42
"SIP","SIP16",2011,"summer",58,8,42
"SST","SST01",2011,"summer",12,2,28
"SST","SST02",2011,"summer",28,4,42
"SST","SST03",2011,"summer",22,4,42
"SST","SST04",2011,"summer",11,3,28
"SST","SST05",2011,"summer",40,7,28
"SST","SST06",2011,"summer",12,3,42
"SST","SST07",2011,"summer",9,3,42
"SST","SST08",2011,"summer",13,3,42
"SST","SST09",2011,"summer",7,2,42
"SST","SST10",2011,"summer",15,3,28
"SST","SST11",2011,"summer",14,2,28
"SST","SST12",2011,"summer",29,4,42
"SST","SST13",2011,"summer",105,6,42
"SST","SST14",2011,"summer",9,2,42
"SST","SST15",2011,"summer",4,1,28
"SST","SST16",2011,"summer",35,5,42
"WAN","WAN01",2011,"summer",105,8,42
"WAN","WAN02",2011,"summer",8,2,28
"WAN","WAN03",2011,"summer",7,2,28
"WAN","WAN04",2011,"summer",39,6,42
"WAN","WAN05",2011,"summer",11,3,28
"WAN","WAN06",2011,"summer",97,5,42
"WAN","WAN07",2011,"summer",15,3,42
"WAN","WAN08",2011,"summer",10,2,42
"WAN","WAN09",2011,"summer",15,3,42
"WAN","WAN10",2011,"summer",161,7,42
"WAN","WAN11",2011,"summer",6,2,28
"WAN","WAN12",2011,"summer",46,6,42
"WAN","WAN13",2011,"summer",9,3,42
"WAN","WAN14",2011,"summer",44,5,42
"WAN","WAN15",2011,"summer",9,2,28
"WAN","WAN16",2011,"summer",22,3,42
"FBG","FBG01",2012,"summer",72,8,42
"FBG","FBG02",2012,"summer",49,6,42
"FBG","FBG03",2012,"summer",103,9,42
"FBG","FBG04",2012,"summer",60,8,42
"FBG","FBG05",2012,"summer",81,9,42
"FBG","FBG06",2012,"summer",106,8,42
"FBG","FBG07",2012,"summer",229,13,42
"FBG","FBG08",2012,"summer",94,9,42
"FBG","FBG09",2012,"summer",38,6,42
"FBG","FBG10",2012,"summer",73,9,42
"FBG","FBG11",2012,"summer",60,7,42
"FBG","FBG12",2012,"summer",10,2,28
"FBG","FBG13",2012,"summer",103,11,42
"FBG","FBG14",2012,"summer",81,7,42
"FBG","FBG15",2012,"summer",40,4,42
"FBG","FBG16",2012,"summer",44,6,42
"GFH","GFH01",2012,"summer",8,2,42
"GFH","GFH02",2012,"summer",9,2,42
"GFH","GFH03",2012,"summer",52,4,42
"GFH","GFH04",2012,"summer",32,5,42
"GFH","GFH05",2012,"summer",19,3,42
"GFH","GFH06",2012,"summer",14,3,42
"GFH","GFH07",2012,"summer",23,3,42
"GFH","GFH08",2012,"summer",61,3,42
"GFH","GFH09",2012,"summer",14,2,42
"GFH","GFH10",2012,"summer",9,3,42
"GFH","GFH11",2012,"summer",62,4,42
"GFH","GFH12",2012,"summer",39,4,42
"GFH","GFH13",2012,"summer",19,2,28
"GFH","GFH14",2012,"summer",29,3,42
"GFH","GFH15",2012,"summer",46,2,28
"GFH","GFH16",2012,"summer",36,3,42
"HAR","HAR01",2012,"summer",8,2,42
"HAR","HAR02",2012,"summer",1,1,14
"HAR","HAR03",2012,"summer",9,3,42
"HAR","HAR04",2012,"summer",7,3,14
"HAR","HAR05",2012,"summer",73,6,28
"HAR","HAR06",2012,"summer",13,3,42
"HAR","HAR07",2012,"summer",14,4,42
"HAR","HAR08",2012,"summer",14,3,28
"HAR","HAR09",2012,"summer",22,4,42
"HAR","HAR10",2012,"summer",75,6,42
"HAR","HAR11",2012,"summer",22,4,42
"HAR","HAR12",2012,"summer",23,4,42
"HAR","HAR13",2012,"summer",22,3,28
"HAR","HAR14",2012,"summer",19,4,42
"HAR","HAR15",2012,"summer",52,5,42
"HAR","HAR16",2012,"summer",42,7,28
"SIP","SIP01",2012,"summer",3,1,28
"SIP","SIP02",2012,"summer",13,3,42
"SIP","SIP03",2012,"summer",4,2,42
"SIP","SIP05",2012,"summer",3,1,42
"SIP","SIP06",2012,"summer",3,1,28
"SIP","SIP07",2012,"summer",6,2,42
"SIP","SIP08",2012,"summer",8,2,28
"SIP","SIP09",2012,"summer",8,2,42
"SIP","SIP10",2012,"summer",13,3,14
"SIP","SIP11",2012,"summer",7,3,42
"SIP","SIP12",2012,"summer",25,4,28
"SIP","SIP13",2012,"summer",11,3,28
"SIP","SIP14",2012,"summer",18,3,42
"SIP","SIP15",2012,"summer",13,3,42
"SIP","SIP16",2012,"summer",33,4,42
"SST","SST01",2012,"summer",35,6,42
"SST","SST02",2012,"summer",23,4,42
"SST","SST03",2012,"summer",22,4,42
"SST","SST04",2012,"summer",119,7,42
"SST","SST05",2012,"summer",21,5,42
"SST","SST06",2012,"summer",13,3,42
"SST","SST07",2012,"summer",8,1,42
"SST","SST08",2012,"summer",19,3,42
"SST","SST09",2012,"summer",21,4,42
"SST","SST10",2012,"summer",22,4,28
"SST","SST11",2012,"summer",23,4,42
"SST","SST12",2012,"summer",27,4,42
"SST","SST13",2012,"summer",30,5,42
"SST","SST14",2012,"summer",28,4,42
"SST","SST15",2012,"summer",6,2,28
"SST","SST16",2012,"summer",25,4,42
"WAN","WAN01",2012,"summer",40,6,42
"WAN","WAN02",2012,"summer",15,2,42
"WAN","WAN03",2012,"summer",11,3,42
"WAN","WAN04",2012,"summer",14,3,42
"WAN","WAN05",2012,"summer",3,1,28
"WAN","WAN06",2012,"summer",6,2,28
"WAN","WAN07",2012,"summer",11,3,42
"WAN","WAN08",2012,"summer",2,1,14
"WAN","WAN09",2012,"summer",7,1,42
"WAN","WAN10",2012,"summer",34,5,42
"WAN","WAN11",2012,"summer",3,1,28
"WAN","WAN12",2012,"summer",9,2,28
"WAN","WAN13",2012,"summer",7,2,28
"WAN","WAN14",2012,"summer",9,3,28
"WAN","WAN15",2012,"summer",8,2,42
"WAN","WAN16",2012,"summer",10,2,28
"FBG","FBG01",2013,"summer",51,7,42
"FBG","FBG02",2013,"summer",21,4,28
"FBG","FBG03",2013,"summer",42,5,42
"FBG","FBG04",2013,"summer",23,4,42
"FBG","FBG06",2013,"summer",45,6,42
"FBG","FBG07",2013,"summer",65,8,42
"FBG","FBG08",2013,"summer",12,3,42
"FBG","FBG09",2013,"summer",36,5,42
"FBG","FBG10",2013,"summer",30,6,42
"FBG","FBG11",2013,"summer",26,4,42
"FBG","FBG12",2013,"summer",12,2,42
"FBG","FBG13",2013,"summer",31,4,42
"FBG","FBG14",2013,"summer",37,4,42
"FBG","FBG15",2013,"summer",28,4,42
"FBG","FBG16",2013,"summer",10,3,28
"GFH","GFH01",2013,"summer",5,2,28
"GFH","GFH02",2013,"summer",8,2,42
"GFH","GFH03",2013,"summer",40,5,42
"GFH","GFH04",2013,"summer",27,5,42
"GFH","GFH05",2013,"summer",19,4,28
"GFH","GFH06",2013,"summer",3,1,28
"GFH","GFH07",2013,"summer",12,2,42
"GFH","GFH08",2013,"summer",27,2,42
"GFH","GFH09",2013,"summer",16,3,28
"GFH","GFH10",2013,"summer",22,3,42
"GFH","GFH11",2013,"summer",58,6,42
"GFH","GFH12",2013,"summer",54,2,42
"GFH","GFH13",2013,"summer",54,3,42
"GFH","GFH14",2013,"summer",18,3,42
"GFH","GFH15",2013,"summer",122,4,42
"GFH","GFH16",2013,"summer",66,5,42
"HAR","HAR01",2013,"summer",14,3,42
"HAR","HAR02",2013,"summer",5,2,42
"HAR","HAR03",2013,"summer",19,4,42
"HAR","HAR04",2013,"summer",1,1,14
"HAR","HAR05",2013,"summer",34,5,42
"HAR","HAR06",2013,"summer",10,2,28
"HAR","HAR07",2013,"summer",5,1,28
"HAR","HAR08",2013,"summer",1,1,14
"HAR","HAR09",2013,"summer",37,5,42
"HAR","HAR10",2013,"summer",23,5,42
"HAR","HAR11",2013,"summer",7,2,28
"HAR","HAR12",2013,"summer",28,5,42
"HAR","HAR13",2013,"summer",24,4,42
"HAR","HAR14",2013,"summer",19,4,42
"HAR","HAR15",2013,"summer",26,3,42
"HAR","HAR16",2013,"summer",6,2,28
"SIP","SIP01",2013,"summer",5,2,42
"SIP","SIP02",2013,"summer",20,4,42
"SIP","SIP03",2013,"summer",23,5,42
"SIP","SIP05",2013,"summer",3,1,28
"SIP","SIP06",2013,"summer",15,4,42
"SIP","SIP07",2013,"summer",3,2,28
"SIP","SIP08",2013,"summer",14,3,42
"SIP","SIP09",2013,"summer",18,4,42
"SIP","SIP10",2013,"summer",37,6,42
"SIP","SIP11",2013,"summer",9,2,28
"SIP","SIP12",2013,"summer",44,6,42
"SIP","SIP13",2013,"summer",24,4,28
"SIP","SIP14",2013,"summer",3,1,28
"SIP","SIP15",2013,"summer",42,6,42
"SIP","SIP16",2013,"summer",45,5,42
"SST","SST01",2013,"summer",7,2,42
"SST","SST02",2013,"summer",7,2,42
"SST","SST03",2013,"summer",18,4,42
"SST","SST04",2013,"summer",57,5,42
"SST","SST05",2013,"summer",15,3,42
"SST","SST06",2013,"summer",2,1,14
"SST","SST07",2013,"summer",3,2,14
"SST","SST08",2013,"summer",5,2,42
"SST","SST09",2013,"summer",8,2,14
"SST","SST10",2013,"summer",21,4,42
"SST","SST11",2013,"summer",11,1,42
"SST","SST12",2013,"summer",6,1,42
"SST","SST13",2013,"summer",30,5,42
"SST","SST14",2013,"summer",13,3,42
"SST","SST15",2013,"summer",4,1,42
"SST","SST16",2013,"summer",4,1,28
"WAN","WAN01",2013,"summer",42,5,42
"WAN","WAN02",2013,"summer",18,4,42
"WAN","WAN03",2013,"summer",10,3,28
"WAN","WAN04",2013,"summer",7,1,28
"WAN","WAN05",2013,"summer",12,2,28
"WAN","WAN06",2013,"summer",41,6,42
"WAN","WAN07",2013,"summer",23,3,42
"WAN","WAN09",2013,"summer",97,6,28
"WAN","WAN10",2013,"summer",47,4,42
"WAN","WAN11",2013,"summer",1,1,14
"WAN","WAN12",2013,"summer",29,5,42
"WAN","WAN13",2013,"summer",54,2,42
"WAN","WAN14",2013,"summer",16,2,42
"WAN","WAN15",2013,"summer",7,2,28
"WAN","WAN16",2013,"summer",1,1,14
"FBG","FBG01",2014,"summer",59,7,43
"FBG","FBG02",2014,"summer",34,4,43
"FBG","FBG03",2014,"summer",19,4,27
"FBG","FBG04",2014,"summer",50,6,43
"FBG","FBG05",2014,"summer",8,2,29
"FBG","FBG06",2014,"summer",54,6,43
"FBG","FBG07",2014,"summer",116,8,43
"FBG","FBG08",2014,"summer",79,5,43
"FBG","FBG09",2014,"summer",52,5,43
"FBG","FBG10",2014,"summer",44,6,43
"FBG","FBG11",2014,"summer",16,4,43
"FBG","FBG12",2014,"summer",13,2,43
"FBG","FBG13",2014,"summer",42,5,43
"FBG","FBG14",2014,"summer",31,6,43
"FBG","FBG15",2014,"summer",42,6,43
"FBG","FBG16",2014,"summer",45,7,43
"GFH","GFH01",2014,"summer",4,2,29
"GFH","GFH02",2014,"summer",5,2,16
"GFH","GFH03",2014,"summer",52,6,44
"GFH","GFH04",2014,"summer",31,4,44
"GFH","GFH05",2014,"summer",21,4,29
"GFH","GFH06",2014,"summer",15,3,44
"GFH","GFH07",2014,"summer",12,4,44
"GFH","GFH08",2014,"summer",18,2,44
"GFH","GFH09",2014,"summer",12,2,44
"GFH","GFH10",2014,"summer",7,2,16
"GFH","GFH11",2014,"summer",39,5,44
"GFH","GFH12",2014,"summer",52,5,44
"GFH","GFH13",2014,"summer",17,4,44
"GFH","GFH14",2014,"summer",20,4,44
"GFH","GFH15",2014,"summer",58,3,44
"GFH","GFH16",2014,"summer",19,3,29
"HAR","HAR01",2014,"summer",13,4,30
"HAR","HAR02",2014,"summer",2,1,30
"HAR","HAR03",2014,"summer",12,2,41
"HAR","HAR04",2014,"summer",4,2,25
"HAR","HAR05",2014,"summer",130,8,25
"HAR","HAR06",2014,"summer",10,3,25
"HAR","HAR07",2014,"summer",16,1,27
"HAR","HAR08",2014,"summer",8,3,41
"HAR","HAR09",2014,"summer",11,2,41
"HAR","HAR10",2014,"summer",623,8,41
"HAR","HAR11",2014,"summer",193,2,30
"HAR","HAR12",2014,"summer",29,3,41
"HAR","HAR13",2014,"summer",20,3,41
"HAR","HAR14",2014,"summer",16,4,41
"HAR","HAR15",2014,"summer",13,3,41
"HAR","HAR16",2014,"summer",34,5,41
"SIP","SIP01",2014,"summer",14,3,44
"SIP","SIP02",2014,"summer",33,6,44
"SIP","SIP03",2014,"summer",18,3,44
"SIP","SIP05",2014,"summer",6,2,44
"SIP","SIP06",2014,"summer",8,2,44
"SIP","SIP07",2014,"summer",9,3,29
"SIP","SIP08",2014,"summer",13,3,44
"SIP","SIP09",2014,"summer",15,3,16
"SIP","SIP10",2014,"summer",1,1,13
"SIP","SIP11",2014,"summer",6,2,44
"SIP","SIP12",2014,"summer",28,6,44
"SIP","SIP13",2014,"summer",5,1,16
"SIP","SIP14",2014,"summer",12,3,44
"SIP","SIP15",2014,"summer",14,3,44
"SIP","SIP16",2014,"summer",11,3,28
"SST","SST01",2014,"summer",25,5,43
"SST","SST02",2014,"summer",23,4,43
"SST","SST03",2014,"summer",22,3,43
"SST","SST04",2014,"summer",45,5,43
"SST","SST05",2014,"summer",36,5,43
"SST","SST06",2014,"summer",21,4,43
"SST","SST07",2014,"summer",13,4,43
"SST","SST08",2014,"summer",12,2,43
"SST","SST09",2014,"summer",16,2,43
"SST","SST10",2014,"summer",64,7,43
"SST","SST11",2014,"summer",10,2,30
"SST","SST12",2014,"summer",4,1,27
"SST","SST13",2014,"summer",30,4,43
"SST","SST14",2014,"summer",7,2,30
"SST","SST15",2014,"summer",5,2,16
"SST","SST16",2014,"summer",7,2,27
"WAN","WAN01",2014,"summer",29,5,41
"WAN","WAN02",2014,"summer",13,3,41
"WAN","WAN03",2014,"summer",4,2,27
"WAN","WAN04",2014,"summer",9,3,27
"WAN","WAN05",2014,"summer",3,1,27
"WAN","WAN06",2014,"summer",28,4,41
"WAN","WAN07",2014,"summer",10,2,41
"WAN","WAN08",2014,"summer",16,4,25
"WAN","WAN09",2014,"summer",9,3,41
"WAN","WAN10",2014,"summer",16,3,41
"WAN","WAN11",2014,"summer",4,2,41
"WAN","WAN12",2014,"summer",30,5,41
"WAN","WAN13",2014,"summer",4,2,41
"WAN","WAN14",2014,"summer",13,2,25
"WAN","WAN15",2014,"summer",6,2,27
"WAN","WAN16",2014,"summer",7,2,41
"FBG","FBG01",2015,"summer",63,6,41
"FBG","FBG02",2015,"summer",34,5,41
"FBG","FBG03",2015,"summer",8,2,30
"FBG","FBG04",2015,"summer",51,7,41
"FBG","FBG05",2015,"summer",20,3,41
"FBG","FBG06",2015,"summer",88,9,41
"FBG","FBG07",2015,"summer",25,4,41
"FBG","FBG08",2015,"summer",32,6,41
"FBG","FBG09",2015,"summer",52,6,41
"FBG","FBG10",2015,"summer",127,10,41
"FBG","FBG11",2015,"summer",13,4,41
"FBG","FBG12",2015,"summer",27,5,41
"FBG","FBG13",2015,"summer",45,6,41
"FBG","FBG14",2015,"summer",10,2,41
"FBG","FBG15",2015,"summer",21,3,41
"FBG","FBG16",2015,"summer",34,5,41
"GFH","GFH01",2015,"summer",4,2,30
"GFH","GFH02",2015,"summer",9,2,28
"GFH","GFH03",2015,"summer",46,7,42
"GFH","GFH04",2015,"summer",38,4,42
"GFH","GFH05",2015,"summer",29,4,42
"GFH","GFH06",2015,"summer",6,1,42
"GFH","GFH07",2015,"summer",14,3,42
"GFH","GFH08",2015,"summer",16,3,42
"GFH","GFH09",2015,"summer",5,2,42
"GFH","GFH10",2015,"summer",20,4,28
"GFH","GFH11",2015,"summer",43,6,42
"GFH","GFH12",2015,"summer",23,4,42
"GFH","GFH13",2015,"summer",32,4,42
"GFH","GFH14",2015,"summer",14,2,42
"GFH","GFH15",2015,"summer",28,2,42
"GFH","GFH16",2015,"summer",47,5,42
"HAR","HAR01",2015,"summer",13,2,40
"HAR","HAR02",2015,"summer",10,2,26
"HAR","HAR03",2015,"summer",20,4,40
"HAR","HAR04",2015,"summer",10,2,27
"HAR","HAR05",2015,"summer",427,12,40
"HAR","HAR06",2015,"summer",22,3,40
"HAR","HAR07",2015,"summer",9,2,40
"HAR","HAR08",2015,"summer",9,3,40
"HAR","HAR09",2015,"summer",65,7,40
"HAR","HAR10",2015,"summer",58,5,40
"HAR","HAR11",2015,"summer",2,1,14
"HAR","HAR12",2015,"summer",18,2,40
"HAR","HAR13",2015,"summer",14,3,40
"HAR","HAR14",2015,"summer",30,4,27
"HAR","HAR15",2015,"summer",35,5,40
"HAR","HAR16",2015,"summer",27,4,40
"SIP","SIP01",2015,"summer",4,2,30
"SIP","SIP02",2015,"summer",13,2,42
"SIP","SIP03",2015,"summer",12,2,42
"SIP","SIP05",2015,"summer",2,1,26
"SIP","SIP06",2015,"summer",10,3,42
"SIP","SIP07",2015,"summer",12,2,26
"SIP","SIP08",2015,"summer",5,2,42
"SIP","SIP09",2015,"summer",13,2,42
"SIP","SIP10",2015,"summer",3,1,26
"SIP","SIP11",2015,"summer",10,2,42
"SIP","SIP12",2015,"summer",15,3,42
"SIP","SIP13",2015,"summer",5,1,42
"SIP","SIP14",2015,"summer",19,3,42
"SIP","SIP15",2015,"summer",6,2,42
"SIP","SIP16",2015,"summer",30,6,42
"SST","SST01",2015,"summer",24,3,41
"SST","SST02",2015,"summer",10,3,41
"SST","SST03",2015,"summer",21,3,41
"SST","SST04",2015,"summer",56,5,41
"SST","SST05",2015,"summer",22,4,41
"SST","SST06",2015,"summer",9,2,27
"SST","SST07",2015,"summer",22,4,41
"SST","SST08",2015,"summer",23,3,41
"SST","SST09",2015,"summer",27,5,41
"SST","SST10",2015,"summer",25,4,30
"SST","SST11",2015,"summer",11,2,41
"SST","SST12",2015,"summer",7,1,41
"SST","SST13",2015,"summer",6,2,27
"SST","SST14",2015,"summer",27,4,41
"SST","SST15",2015,"summer",6,2,30
"SST","SST16",2015,"summer",11,3,41
"WAN","WAN01",2015,"summer",113,8,40
"WAN","WAN02",2015,"summer",24,4,40
"WAN","WAN03",2015,"summer",12,3,40
"WAN","WAN04",2015,"summer",12,3,40
"WAN","WAN05",2015,"summer",6,3,26
"WAN","WAN06",2015,"summer",90,9,40
"WAN","WAN07",2015,"summer",3,2,26
"WAN","WAN08",2015,"summer",3,1,13
"WAN","WAN09",2015,"summer",12,3,40
"WAN","WAN10",2015,"summer",58,6,40
"WAN","WAN11",2015,"summer",3,2,14
"WAN","WAN12",2015,"summer",26,4,40
"WAN","WAN13",2015,"summer",9,2,40
"WAN","WAN14",2015,"summer",19,3,40
"WAN","WAN15",2015,"summer",8,3,27
"WAN","WAN16",2015,"summer",3,2,27
"FBG","FBG01",2016,"summer",225,12,42
"FBG","FBG02",2016,"summer",55,8,42
"FBG","FBG03",2016,"summer",27,5,42
"FBG","FBG04",2016,"summer",55,7,28
"FBG","FBG05",2016,"summer",86,10,42
"FBG","FBG06",2016,"summer",152,11,42
"FBG","FBG07",2016,"summer",120,10,42
"FBG","FBG08",2016,"summer",35,4,42
"FBG","FBG09",2016,"summer",59,6,42
"FBG","FBG10",2016,"summer",128,11,42
"FBG","FBG11",2016,"summer",100,8,42
"FBG","FBG12",2016,"summer",22,4,28
"FBG","FBG13",2016,"summer",75,7,42
"FBG","FBG14",2016,"summer",43,5,42
"FBG","FBG15",2016,"summer",55,7,42
"FBG","FBG16",2016,"summer",79,6,42
"GFH","GFH01",2016,"summer",6,2,42
"GFH","GFH02",2016,"summer",7,2,42
"GFH","GFH03",2016,"summer",53,5,42
"GFH","GFH04",2016,"summer",47,5,42
"GFH","GFH05",2016,"summer",35,4,42
"GFH","GFH06",2016,"summer",4,1,42
"GFH","GFH07",2016,"summer",21,3,42
"GFH","GFH08",2016,"summer",26,4,42
"GFH","GFH09",2016,"summer",13,2,42
"GFH","GFH10",2016,"summer",16,3,42
"GFH","GFH11",2016,"summer",47,6,42
"GFH","GFH12",2016,"summer",16,3,42
"GFH","GFH13",2016,"summer",12,2,42
"GFH","GFH14",2016,"summer",24,5,42
"GFH","GFH15",2016,"summer",54,6,42
"GFH","GFH16",2016,"summer",23,3,42
"HAR","HAR01",2016,"summer",37,6,42
"HAR","HAR02",2016,"summer",10,2,42
"HAR","HAR03",2016,"summer",33,5,42
"HAR","HAR04",2016,"summer",11,2,42
"HAR","HAR05",2016,"summer",75,7,42
"HAR","HAR06",2016,"summer",29,4,42
"HAR","HAR07",2016,"summer",17,4,42
"HAR","HAR08",2016,"summer",14,3,28
"HAR","HAR09",2016,"summer",23,5,42
"HAR","HAR10",2016,"summer",84,9,28
"HAR","HAR11",2016,"summer",4,1,28
"HAR","HAR12",2016,"summer",4,1,14
"HAR","HAR13",2016,"summer",18,4,42
"HAR","HAR14",2016,"summer",24,5,28
"HAR","HAR15",2016,"summer",63,5,42
"HAR","HAR16",2016,"summer",62,6,42
"SIP","SIP01",2016,"summer",19,4,42
"SIP","SIP02",2016,"summer",30,4,42
"SIP","SIP03",2016,"summer",34,6,42
"SIP","SIP05",2016,"summer",11,2,42
"SIP","SIP06",2016,"summer",16,4,28
"SIP","SIP07",2016,"summer",14,3,42
"SIP","SIP08",2016,"summer",12,2,42
"SIP","SIP09",2016,"summer",23,3,42
"SIP","SIP10",2016,"summer",11,3,28
"SIP","SIP11",2016,"summer",19,3,42
"SIP","SIP12",2016,"summer",29,5,42
"SIP","SIP13",2016,"summer",22,3,42
"SIP","SIP14",2016,"summer",35,5,42
"SIP","SIP15",2016,"summer",43,6,42
"SIP","SIP16",2016,"summer",18,4,42
"SST","SST01",2016,"summer",27,4,28
"SST","SST02",2016,"summer",24,3,28
"SST","SST03",2016,"summer",30,4,42
"SST","SST04",2016,"summer",70,5,42
"SST","SST05",2016,"summer",38,4,42
"SST","SST06",2016,"summer",14,3,42
"SST","SST07",2016,"summer",21,4,42
"SST","SST08",2016,"summer",39,4,42
"SST","SST09",2016,"summer",20,3,42
"SST","SST10",2016,"summer",85,8,42
"SST","SST11",2016,"summer",18,3,42
"SST","SST12",2016,"summer",33,5,42
"SST","SST13",2016,"summer",28,5,42
"SST","SST14",2016,"summer",43,5,42
"SST","SST15",2016,"summer",21,3,42
"SST","SST16",2016,"summer",157,11,42
"WAN","WAN01",2016,"summer",18,3,42
"WAN","WAN02",2016,"summer",16,4,42
"WAN","WAN03",2016,"summer",16,3,42
"WAN","WAN04",2016,"summer",11,3,42
"WAN","WAN05",2016,"summer",4,1,42
"WAN","WAN06",2016,"summer",46,6,42
"WAN","WAN07",2016,"summer",18,4,42
"WAN","WAN08",2016,"summer",3,2,28
"WAN","WAN09",2016,"summer",65,6,42
"WAN","WAN10",2016,"summer",122,10,42
"WAN","WAN11",2016,"summer",1,1,14
"WAN","WAN12",2016,"summer",14,3,42
"WAN","WAN13",2016,"summer",6,2,28
"WAN","WAN14",2016,"summer",9,3,28
"WAN","WAN15",2016,"summer",32,6,42
"WAN","WAN16",2016,"summer",7,3,28
"FBG","FBG01",2017,"summer",78,8,42
"FBG","FBG02",2017,"summer",157,11,42
"FBG","FBG03",2017,"summer",71,6,42
"FBG","FBG04",2017,"summer",131,9,42
"FBG","FBG05",2017,"summer",129,10,42
"FBG","FBG06",2017,"summer",147,10,42
"FBG","FBG07",2017,"summer",173,11,42
"FBG","FBG08",2017,"summer",169,8,42
"FBG","FBG09",2017,"summer",49,8,42
"FBG","FBG10",2017,"summer",503,17,42
"FBG","FBG11",2017,"summer",27,5,14
"FBG","FBG12",2017,"summer",59,5,42
"FBG","FBG13",2017,"summer",189,12,42
"FBG","FBG14",2017,"summer",40,6,42
"FBG","FBG15",2017,"summer",55,7,42
"FBG","FBG16",2017,"summer",75,7,42
"GFH","GFH01",2017,"summer",6,2,14
"GFH","GFH02",2017,"summer",4,2,42
"GFH","GFH03",2017,"summer",22,4,42
"GFH","GFH04",2017,"summer",33,5,42
"GFH","GFH05",2017,"summer",38,6,42
"GFH","GFH06",2017,"summer",10,3,28
"GFH","GFH07",2017,"summer",7,2,28
"GFH","GFH08",2017,"summer",9,2,42
"GFH","GFH09",2017,"summer",10,1,42
"GFH","GFH10",2017,"summer",5,1,28
"GFH","GFH11",2017,"summer",20,4,42
"GFH","GFH12",2017,"summer",25,4,28
"GFH","GFH13",2017,"summer",33,3,42
"GFH","GFH14",2017,"summer",24,4,42
"GFH","GFH15",2017,"summer",15,3,28
"GFH","GFH16",2017,"summer",24,3,28
"HAR","HAR01",2017,"summer",32,4,42
"HAR","HAR02",2017,"summer",13,2,42
"HAR","HAR03",2017,"summer",18,3,42
"HAR","HAR04",2017,"summer",4,2,28
"HAR","HAR05",2017,"summer",41,4,42
"HAR","HAR06",2017,"summer",16,3,42
"HAR","HAR07",2017,"summer",6,2,42
"HAR","HAR08",2017,"summer",42,5,42
"HAR","HAR09",2017,"summer",35,4,28
"HAR","HAR10",2017,"summer",66,5,42
"HAR","HAR11",2017,"summer",33,5,28
"HAR","HAR12",2017,"summer",6,2,28
"HAR","HAR13",2017,"summer",30,3,42
"HAR","HAR14",2017,"summer",69,3,42
"HAR","HAR15",2017,"summer",52,6,42
"HAR","HAR16",2017,"summer",55,6,42
"SIP","SIP01",2017,"summer",9,2,28
"SIP","SIP02",2017,"summer",61,5,42
"SIP","SIP03",2017,"summer",19,4,28
"SIP","SIP05",2017,"summer",1,1,14
"SIP","SIP06",2017,"summer",11,3,42
"SIP","SIP07",2017,"summer",18,3,42
"SIP","SIP08",2017,"summer",24,3,42
"SIP","SIP09",2017,"summer",9,3,42
"SIP","SIP10",2017,"summer",17,3,42
"SIP","SIP11",2017,"summer",43,6,42
"SIP","SIP12",2017,"summer",7,2,42
"SIP","SIP13",2017,"summer",7,2,42
"SIP","SIP14",2017,"summer",13,4,28
"SIP","SIP15",2017,"summer",52,5,42
"SIP","SIP16",2017,"summer",16,4,28
"SST","SST01",2017,"summer",30,5,42
"SST","SST02",2017,"summer",35,6,42
"SST","SST03",2017,"summer",115,6,42
"SST","SST04",2017,"summer",157,6,42
"SST","SST05",2017,"summer",21,5,28
"SST","SST06",2017,"summer",48,6,42
"SST","SST07",2017,"summer",26,5,42
"SST","SST08",2017,"summer",77,5,42
"SST","SST09",2017,"summer",106,8,42
"SST","SST10",2017,"summer",29,5,42
"SST","SST11",2017,"summer",1,1,14
"SST","SST12",2017,"summer",32,5,28
"SST","SST13",2017,"summer",23,3,28
"SST","SST14",2017,"summer",35,4,28
"SST","SST15",2017,"summer",17,4,42
"SST","SST16",2017,"summer",56,7,42
"WAN","WAN01",2017,"summer",25,4,42
"WAN","WAN02",2017,"summer",32,5,42
"WAN","WAN03",2017,"summer",7,2,42
"WAN","WAN04",2017,"summer",20,4,42
"WAN","WAN05",2017,"summer",8,3,42
"WAN","WAN06",2017,"summer",12,2,42
"WAN","WAN07",2017,"summer",9,3,42
"WAN","WAN08",2017,"summer",9,3,42
"WAN","WAN09",2017,"summer",99,5,42
"WAN","WAN10",2017,"summer",94,7,42
"WAN","WAN11",2017,"summer",2,1,14
"WAN","WAN12",2017,"summer",72,8,42
"WAN","WAN13",2017,"summer",62,2,42
"WAN","WAN14",2017,"summer",59,4,42
"WAN","WAN15",2017,"summer",11,3,42
"WAN","WAN16",2017,"summer",30,5,42
"FBG","FBG01",2018,"summer",43,6,42
"FBG","FBG02",2018,"summer",142,8,28
"FBG","FBG03",2018,"summer",17,5,42
"FBG","FBG04",2018,"summer",41,6,42
"FBG","FBG05",2018,"summer",47,6,42
"FBG","FBG06",2018,"summer",55,4,42
"FBG","FBG07",2018,"summer",255,8,42
"FBG","FBG08",2018,"summer",216,6,42
"FBG","FBG09",2018,"summer",13,3,42
"FBG","FBG10",2018,"summer",152,9,42
"FBG","FBG11",2018,"summer",34,4,42
"FBG","FBG12",2018,"summer",23,4,42
"FBG","FBG13",2018,"summer",111,7,42
"FBG","FBG14",2018,"summer",69,6,42
"FBG","FBG15",2018,"summer",30,4,28
"FBG","FBG16",2018,"summer",122,10,42
"GFH","GFH01",2018,"summer",4,1,29
"GFH","GFH02",2018,"summer",3,1,28
"GFH","GFH04",2018,"summer",20,3,42
"GFH","GFH05",2018,"summer",10,2,29
"GFH","GFH06",2018,"summer",10,2,42
"GFH","GFH07",2018,"summer",12,3,42
"GFH","GFH08",2018,"summer",9,2,42
"GFH","GFH09",2018,"summer",16,4,42
"GFH","GFH10",2018,"summer",9,2,42
"GFH","GFH11",2018,"summer",23,4,42
"GFH","GFH12",2018,"summer",7,2,42
"GFH","GFH13",2018,"summer",18,3,42
"GFH","GFH14",2018,"summer",36,4,42
"GFH","GFH15",2018,"summer",15,3,28
"GFH","GFH16",2018,"summer",14,3,42
"HAR","HAR01",2018,"summer",65,6,42
"HAR","HAR02",2018,"summer",88,7,42
"HAR","HAR03",2018,"summer",44,6,42
"HAR","HAR04",2018,"summer",19,4,42
"HAR","HAR05",2018,"summer",45,5,42
"HAR","HAR06",2018,"summer",163,9,42
"HAR","HAR07",2018,"summer",31,4,42
"HAR","HAR08",2018,"summer",10,3,42
"HAR","HAR09",2018,"summer",184,12,42
"HAR","HAR10",2018,"summer",89,8,28
"HAR","HAR11",2018,"summer",96,9,42
"HAR","HAR12",2018,"summer",22,4,42
"HAR","HAR13",2018,"summer",116,10,42
"HAR","HAR14",2018,"summer",124,8,28
"HAR","HAR15",2018,"summer",203,10,42
"HAR","HAR16",2018,"summer",69,6,28
"SIP","SIP01",2018,"summer",23,4,28
"SIP","SIP02",2018,"summer",12,3,42
"SIP","SIP03",2018,"summer",9,2,28
"SIP","SIP05",2018,"summer",3,1,28
"SIP","SIP06",2018,"summer",15,3,42
"SIP","SIP07",2018,"summer",6,3,42
"SIP","SIP08",2018,"summer",15,3,42
"SIP","SIP09",2018,"summer",11,3,28
"SIP","SIP10",2018,"summer",8,2,42
"SIP","SIP11",2018,"summer",10,2,42
"SIP","SIP12",2018,"summer",13,3,42
"SIP","SIP13",2018,"summer",10,3,28
"SIP","SIP14",2018,"summer",59,5,42
"SIP","SIP15",2018,"summer",17,3,42
"SIP","SIP16",2018,"summer",30,5,42
"SST","SST01",2018,"summer",15,4,42
"SST","SST02",2018,"summer",5,2,28
"SST","SST03",2018,"summer",38,4,42
"SST","SST04",2018,"summer",43,5,42
"SST","SST05",2018,"summer",26,5,42
"SST","SST06",2018,"summer",18,3,42
"SST","SST07",2018,"summer",5,2,14
"SST","SST08",2018,"summer",18,3,42
"SST","SST09",2018,"summer",33,5,42
"SST","SST10",2018,"summer",41,3,42
"SST","SST11",2018,"summer",3,1,14
"SST","SST12",2018,"summer",25,4,42
"SST","SST13",2018,"summer",48,6,42
"SST","SST14",2018,"summer",9,2,42
"SST","SST15",2018,"summer",12,3,42
"SST","SST16",2018,"summer",12,2,42
"WAN","WAN01",2018,"summer",28,5,28
"WAN","WAN02",2018,"summer",21,3,42
"WAN","WAN03",2018,"summer",12,3,28
"WAN","WAN04",2018,"summer",23,4,42
"WAN","WAN05",2018,"summer",7,3,42
"WAN","WAN06",2018,"summer",41,5,42
"WAN","WAN07",2018,"summer",8,1,42
"WAN","WAN08",2018,"summer",12,3,42
"WAN","WAN09",2018,"summer",34,5,42
"WAN","WAN10",2018,"summer",54,6,42
"WAN","WAN11",2018,"summer",1,1,14
"WAN","WAN12",2018,"summer",20,4,28
"WAN","WAN13",2018,"summer",3,1,28
"WAN","WAN14",2018,"summer",5,2,28
"WAN","WAN15",2018,"summer",11,3,42
"WAN","WAN16",2018,"summer",5,1,28
"FBG","FBG01",2019,"summer",235,15,42
"FBG","FBG02",2019,"summer",101,9,42
"FBG","FBG03",2019,"summer",15,2,42
"FBG","FBG04",2019,"summer",19,4,42
"FBG","FBG05",2019,"summer",61,7,42
"FBG","FBG06",2019,"summer",36,5,28
"FBG","FBG07",2019,"summer",117,9,42
"FBG","FBG08",2019,"summer",94,8,42
"FBG","FBG09",2019,"summer",48,6,42
"FBG","FBG10",2019,"summer",47,7,42
"FBG","FBG11",2019,"summer",17,3,42
"FBG","FBG12",2019,"summer",17,4,28
"FBG","FBG13",2019,"summer",138,12,42
"FBG","FBG14",2019,"summer",111,8,42
"FBG","FBG15",2019,"summer",60,7,42
"FBG","FBG16",2019,"summer",21,3,42
"GFH","GFH01",2019,"summer",8,1,28
"GFH","GFH02",2019,"summer",12,3,43
"GFH","GFH03",2019,"summer",56,5,43
"GFH","GFH04",2019,"summer",36,4,29
"GFH","GFH05",2019,"summer",41,5,43
"GFH","GFH06",2019,"summer",20,4,29
"GFH","GFH07",2019,"summer",10,2,29
"GFH","GFH08",2019,"summer",13,3,43
"GFH","GFH09",2019,"summer",11,2,43
"GFH","GFH10",2019,"summer",26,4,43
"GFH","GFH11",2019,"summer",287,13,43
"GFH","GFH12",2019,"summer",14,3,43
"GFH","GFH13",2019,"summer",40,5,43
"GFH","GFH14",2019,"summer",75,5,43
"GFH","GFH15",2019,"summer",138,10,43
"GFH","GFH16",2019,"summer",75,6,43
"HAR","HAR01",2019,"summer",53,6,43
"HAR","HAR02",2019,"summer",46,6,43
"HAR","HAR03",2019,"summer",17,3,28
"HAR","HAR04",2019,"summer",11,2,43
"HAR","HAR05",2019,"summer",100,10,43
"HAR","HAR06",2019,"summer",36,5,43
"HAR","HAR07",2019,"summer",15,2,28
"HAR","HAR08",2019,"summer",11,2,29
"HAR","HAR09",2019,"summer",71,7,43
"HAR","HAR10",2019,"summer",104,10,43
"HAR","HAR11",2019,"summer",23,3,43
"HAR","HAR12",2019,"summer",16,2,29
"HAR","HAR13",2019,"summer",80,8,43
"HAR","HAR14",2019,"summer",64,6,43
"HAR","HAR15",2019,"summer",226,10,43
"HAR","HAR16",2019,"summer",84,7,43
"SIP","SIP01",2019,"summer",13,3,43
"SIP","SIP02",2019,"summer",43,6,43
"SIP","SIP03",2019,"summer",32,5,29
"SIP","SIP05",2019,"summer",21,3,43
"SIP","SIP06",2019,"summer",23,2,43
"SIP","SIP07",2019,"summer",21,3,43
"SIP","SIP08",2019,"summer",16,4,43
"SIP","SIP09",2019,"summer",28,5,43
"SIP","SIP10",2019,"summer",21,2,43
"SIP","SIP11",2019,"summer",56,3,43
"SIP","SIP12",2019,"summer",20,2,43
"SIP","SIP13",2019,"summer",35,5,43
"SIP","SIP14",2019,"summer",44,4,43
"SIP","SIP15",2019,"summer",18,3,29
"SIP","SIP16",2019,"summer",20,4,43
"SST","SST01",2019,"summer",16,3,43
"SST","SST02",2019,"summer",21,3,43
"SST","SST03",2019,"summer",10,3,28
"SST","SST04",2019,"summer",29,4,43
"SST","SST05",2019,"summer",8,2,43
"SST","SST06",2019,"summer",39,3,28
"SST","SST07",2019,"summer",25,5,43
"SST","SST08",2019,"summer",26,4,43
"SST","SST09",2019,"summer",98,9,43
"SST","SST10",2019,"summer",34,5,43
"SST","SST11",2019,"summer",24,4,43
"SST","SST12",2019,"summer",39,3,43
"SST","SST13",2019,"summer",49,5,43
"SST","SST14",2019,"summer",41,6,43
"SST","SST15",2019,"summer",5,2,14
"SST","SST16",2019,"summer",5,2,28
"WAN","WAN01",2019,"summer",41,5,43
"WAN","WAN02",2019,"summer",30,4,43
"WAN","WAN03",2019,"summer",14,2,43
"WAN","WAN04",2019,"summer",26,4,43
"WAN","WAN05",2019,"summer",14,3,43
"WAN","WAN06",2019,"summer",40,5,43
"WAN","WAN07",2019,"summer",16,3,43
"WAN","WAN08",2019,"summer",7,2,29
"WAN","WAN09",2019,"summer",18,4,43
"WAN","WAN10",2019,"summer",77,7,43
"WAN","WAN11",2019,"summer",1,1,14
"WAN","WAN12",2019,"summer",22,4,43
"WAN","WAN13",2019,"summer",24,5,43
"WAN","WAN14",2019,"summer",22,3,43
"WAN","WAN15",2019,"summer",18,3,43
"WAN","WAN16",2019,"summer",14,4,29
"FBG","FBG01",2020,"summer",55,6,42
"FBG","FBG02",2020,"summer",31,4,42
"FBG","FBG03",2020,"summer",34,4,42
"FBG","FBG04",2020,"summer",14,3,42
"FBG","FBG05",2020,"summer",41,4,28
"FBG","FBG06",2020,"summer",68,7,42
"FBG","FBG07",2020,"summer",32,4,42
"FBG","FBG08",2020,"summer",84,6,42
"FBG","FBG09",2020,"summer",60,7,42
"FBG","FBG10",2020,"summer",66,6,42
"FBG","FBG11",2020,"summer",27,4,28
"FBG","FBG12",2020,"summer",41,6,42
"FBG","FBG13",2020,"summer",133,10,42
"FBG","FBG14",2020,"summer",64,7,42
"FBG","FBG15",2020,"summer",34,4,28
"FBG","FBG16",2020,"summer",20,4,42
"GFH","GFH01",2020,"summer",22,3,42
"GFH","GFH02",2020,"summer",37,5,42
"GFH","GFH03",2020,"summer",38,4,42
"GFH","GFH04",2020,"summer",24,3,42
"GFH","GFH05",2020,"summer",66,7,42
"GFH","GFH06",2020,"summer",45,6,42
"GFH","GFH07",2020,"summer",21,4,42
"GFH","GFH08",2020,"summer",20,3,42
"GFH","GFH09",2020,"summer",31,4,42
"GFH","GFH10",2020,"summer",37,4,42
"GFH","GFH11",2020,"summer",121,10,42
"GFH","GFH12",2020,"summer",38,4,42
"GFH","GFH13",2020,"summer",76,5,42
"GFH","GFH14",2020,"summer",44,4,42
"GFH","GFH15",2020,"summer",343,15,42
"GFH","GFH16",2020,"summer",56,5,42
"HAR","HAR01",2020,"summer",18,3,28
"HAR","HAR02",2020,"summer",36,5,28
"HAR","HAR03",2020,"summer",14,3,42
"HAR","HAR04",2020,"summer",28,4,42
"HAR","HAR05",2020,"summer",184,8,42
"HAR","HAR06",2020,"summer",32,5,42
"HAR","HAR07",2020,"summer",24,4,42
"HAR","HAR08",2020,"summer",13,2,42
"HAR","HAR09",2020,"summer",91,7,42
"HAR","HAR10",2020,"summer",126,7,42
"HAR","HAR11",2020,"summer",38,5,42
"HAR","HAR12",2020,"summer",15,3,42
"HAR","HAR13",2020,"summer",47,5,42
"HAR","HAR14",2020,"summer",129,7,42
"HAR","HAR15",2020,"summer",138,7,42
"HAR","HAR16",2020,"summer",65,6,42
"SIP","SIP01",2020,"summer",23,5,42
"SIP","SIP02",2020,"summer",64,7,42
"SIP","SIP03",2020,"summer",46,7,42
"SIP","SIP05",2020,"summer",28,4,42
"SIP","SIP06",2020,"summer",26,3,42
"SIP","SIP07",2020,"summer",42,7,42
"SIP","SIP08",2020,"summer",22,3,42
"SIP","SIP09",2020,"summer",13,3,42
"SIP","SIP10",2020,"summer",29,4,42
"SIP","SIP11",2020,"summer",17,3,42
"SIP","SIP12",2020,"summer",29,5,42
"SIP","SIP13",2020,"summer",13,4,28
"SIP","SIP14",2020,"summer",27,5,42
"SIP","SIP15",2020,"summer",40,5,42
"SIP","SIP16",2020,"summer",56,5,42
"SST","SST01",2020,"summer",19,4,28
"SST","SST02",2020,"summer",80,8,42
"SST","SST03",2020,"summer",95,7,42
"SST","SST04",2020,"summer",676,12,42
"SST","SST05",2020,"summer",117,10,42
"SST","SST06",2020,"summer",28,3,42
"SST","SST07",2020,"summer",16,2,42
"SST","SST08",2020,"summer",59,7,42
"SST","SST09",2020,"summer",156,10,42
"SST","SST10",2020,"summer",190,11,42
"SST","SST11",2020,"summer",16,3,42
"SST","SST12",2020,"summer",41,4,42
"SST","SST13",2020,"summer",196,10,42
"SST","SST14",2020,"summer",108,8,42
"SST","SST15",2020,"summer",49,7,42
"SST","SST16",2020,"summer",372,11,42
"WAN","WAN01",2020,"summer",23,3,42
"WAN","WAN02",2020,"summer",12,2,42
"WAN","WAN03",2020,"summer",14,3,42
"WAN","WAN04",2020,"summer",20,4,42
"WAN","WAN05",2020,"summer",11,2,28
"WAN","WAN06",2020,"summer",40,6,28
"WAN","WAN07",2020,"summer",21,4,42
"WAN","WAN08",2020,"summer",3,1,28
"WAN","WAN09",2020,"summer",17,4,42
"WAN","WAN10",2020,"summer",56,6,42
"WAN","WAN11",2020,"summer",3,1,28
"WAN","WAN12",2020,"summer",23,3,42
"WAN","WAN13",2020,"summer",10,3,42
"WAN","WAN14",2020,"summer",10,2,28
"WAN","WAN15",2020,"summer",20,4,42
"WAN","WAN16",2020,"summer",22,4,28
"FBG","FBG01",2021,"summer",169,12,42
"FBG","FBG02",2021,"summer",33,5,28
"FBG","FBG03",2021,"summer",18,3,28
"FBG","FBG04",2021,"summer",48,5,42
"FBG","FBG05",2021,"summer",43,6,28
"FBG","FBG06",2021,"summer",32,5,42
"FBG","FBG07",2021,"summer",62,7,42
"FBG","FBG08",2021,"summer",27,4,42
"FBG","FBG09",2021,"summer",28,4,28
"FBG","FBG10",2021,"summer",206,14,42
"FBG","FBG11",2021,"summer",17,4,42
"FBG","FBG12",2021,"summer",43,7,42
"FBG","FBG13",2021,"summer",102,9,42
"FBG","FBG14",2021,"summer",67,7,42
"FBG","FBG15",2021,"summer",32,5,42
"FBG","FBG16",2021,"summer",24,5,42
"GFH","GFH01",2021,"summer",26,4,42
"GFH","GFH02",2021,"summer",209,6,42
"GFH","GFH03",2021,"summer",81,8,42
"GFH","GFH04",2021,"summer",278,15,42
"GFH","GFH05",2021,"summer",133,9,42
"GFH","GFH06",2021,"summer",31,5,42
"GFH","GFH07",2021,"summer",17,3,42
"GFH","GFH08",2021,"summer",22,4,42
"GFH","GFH09",2021,"summer",32,4,42
"GFH","GFH10",2021,"summer",57,7,42
"GFH","GFH11",2021,"summer",51,7,42
"GFH","GFH12",2021,"summer",21,4,42
"GFH","GFH13",2021,"summer",31,4,42
"GFH","GFH14",2021,"summer",100,9,42
"GFH","GFH15",2021,"summer",50,5,42
"GFH","GFH16",2021,"summer",21,4,28
"HAR","HAR01",2021,"summer",45,6,42
"HAR","HAR02",2021,"summer",41,5,42
"HAR","HAR03",2021,"summer",31,4,42
"HAR","HAR04",2021,"summer",18,3,42
"HAR","HAR05",2021,"summer",76,9,42
"HAR","HAR06",2021,"summer",29,4,28
"HAR","HAR07",2021,"summer",61,8,42
"HAR","HAR08",2021,"summer",17,4,42
"HAR","HAR09",2021,"summer",88,8,42
"HAR","HAR10",2021,"summer",57,6,28
"HAR","HAR11",2021,"summer",104,8,42
"HAR","HAR12",2021,"summer",30,4,42
"HAR","HAR13",2021,"summer",50,4,42
"HAR","HAR14",2021,"summer",95,7,42
"HAR","HAR15",2021,"summer",149,10,28
"HAR","HAR16",2021,"summer",74,8,28
"SIP","SIP01",2021,"summer",9,2,28
"SIP","SIP02",2021,"summer",155,7,28
"SIP","SIP03",2021,"summer",60,8,28
"SIP","SIP05",2021,"summer",5,1,28
"SIP","SIP06",2021,"summer",33,6,28
"SIP","SIP07",2021,"summer",24,4,28
"SIP","SIP08",2021,"summer",13,2,28
"SIP","SIP09",2021,"summer",11,3,28
"SIP","SIP10",2021,"summer",13,3,28
"SIP","SIP11",2021,"summer",157,6,28
"SIP","SIP12",2021,"summer",31,5,28
"SIP","SIP13",2021,"summer",13,3,28
"SIP","SIP14",2021,"summer",17,4,28
"SIP","SIP15",2021,"summer",46,6,28
"SIP","SIP16",2021,"summer",100,9,28
"SST","SST01",2021,"summer",19,4,28
"SST","SST02",2021,"summer",53,5,28
"SST","SST03",2021,"summer",52,5,28
"SST","SST04",2021,"summer",74,5,28
"SST","SST05",2021,"summer",11,2,28
"SST","SST06",2021,"summer",36,4,28
"SST","SST07",2021,"summer",11,3,28
"SST","SST08",2021,"summer",19,3,28
"SST","SST09",2021,"summer",10,2,28
"SST","SST10",2021,"summer",16,4,28
"SST","SST11",2021,"summer",35,5,28
"SST","SST12",2021,"summer",16,3,28
"SST","SST13",2021,"summer",28,4,28
"SST","SST14",2021,"summer",37,4,28
"SST","SST15",2021,"summer",49,6,28
"SST","SST16",2021,"summer",194,13,28
"WAN","WAN01",2021,"summer",41,6,42
"WAN","WAN02",2021,"summer",39,6,42
"WAN","WAN03",2021,"summer",25,4,42
"WAN","WAN04",2021,"summer",45,5,42
"WAN","WAN05",2021,"summer",32,5,42
"WAN","WAN06",2021,"summer",57,6,42
"WAN","WAN07",2021,"summer",3,1,28
"WAN","WAN08",2021,"summer",11,3,42
"WAN","WAN09",2021,"summer",35,3,42
"WAN","WAN10",2021,"summer",87,8,42
"WAN","WAN11",2021,"summer",4,2,42
"WAN","WAN12",2021,"summer",36,5,42
"WAN","WAN13",2021,"summer",11,2,28
"WAN","WAN14",2021,"summer",51,5,42
"WAN","WAN15",2021,"summer",32,4,42
"WAN","WAN16",2021,"summer",12,2,42
