"","missing.samples","missing.in"
"1","FBG012021 2021-05-27","Mark.V2"
"2","FBG022021 2021-05-27","Mark.V2"
"3","FBG032021 2021-05-27","Mark.V2"
"4","FBG052021 2021-05-27","Mark.V2"
"5","FBG062021 2021-05-27","Mark.V2"
"6","FBG072021 2021-05-27","Mark.V2"
"7","FBG082021 2021-05-27","Mark.V2"
"8","FBG092021 2021-05-27","Mark.V2"
"9","FBG102021 2021-05-27","Mark.V2"
"10","FBG112021 2021-05-27","Mark.V2"
"11","FBG122021 2021-05-27","Mark.V2"
"12","FBG132021 2021-05-27","Mark.V2"
"13","FBG142021 2021-05-27","Mark.V2"
"14","FBG162021 2021-05-27","Mark.V2"
"15","GFH012021 2021-05-26","Mark.V2"
"16","GFH022021 2021-05-26","Mark.V2"
"17","GFH032021 2021-05-26","Mark.V2"
"18","GFH042021 2021-05-26","Mark.V2"
"19","GFH052021 2021-05-26","Mark.V2"
"20","GFH062021 2021-05-26","Mark.V2"
"21","GFH072021 2021-05-26","Mark.V2"
"22","GFH082021 2021-05-26","Mark.V2"
"23","GFH092021 2021-05-26","Mark.V2"
"24","GFH102021 2021-05-26","Mark.V2"
"25","GFH112021 2021-05-26","Mark.V2"
"26","GFH122021 2021-05-26","Mark.V2"
"27","GFH132021 2021-05-26","Mark.V2"
"28","GFH142021 2021-05-26","Mark.V2"
"29","GFH152021 2021-05-26","Mark.V2"
"30","GFH162021 2021-05-26","Mark.V2"
"31","HAR012021 2021-05-25","Mark.V2"
"32","HAR022021 2021-05-25","Mark.V2"
"33","HAR032021 2021-05-25","Mark.V2"
"34","HAR042021 2021-05-25","Mark.V2"
"35","HAR052021 2021-05-25","Mark.V2"
"36","HAR062021 2021-05-25","Mark.V2"
"37","HAR072021 2021-05-25","Mark.V2"
"38","HAR082021 2021-05-25","Mark.V2"
"39","HAR092021 2021-05-25","Mark.V2"
"40","HAR102021 2021-05-25","Mark.V2"
"41","HAR112021 2021-05-25","Mark.V2"
"42","HAR122021 2021-05-25","Mark.V2"
"43","HAR132021 2021-05-25","Mark.V2"
"44","HAR142021 2021-05-25","Mark.V2"
"45","HAR152021 2021-05-25","Mark.V2"
"46","HAR162021 2021-05-25","Mark.V2"
"47","SST012021 2021-05-27","Mark.V2"
"48","SST022021 2021-05-27","Mark.V2"
"49","SST032021 2021-05-27","Mark.V2"
"50","SST052021 2021-05-27","Mark.V2"
"51","SST062021 2021-05-27","Mark.V2"
"52","SST072021 2021-05-27","Mark.V2"
"53","SST082021 2021-05-27","Mark.V2"
"54","SST092021 2021-05-27","Mark.V2"
"55","SST102021 2021-05-27","Mark.V2"
"56","SST112021 2021-05-27","Mark.V2"
"57","SST122021 2021-05-27","Mark.V2"
"58","SST132021 2021-05-27","Mark.V2"
"59","SST142021 2021-05-27","Mark.V2"
"60","SST152021 2021-05-27","Mark.V2"
"61","SST162021 2021-05-27","Mark.V2"
"62","WAN012021 2021-05-25","Mark.V2"
"63","WAN022021 2021-05-25","Mark.V2"
"64","WAN032021 2021-05-25","Mark.V2"
"65","WAN042021 2021-05-25","Mark.V2"
"66","WAN052021 2021-05-25","Mark.V2"
"67","WAN062021 2021-05-25","Mark.V2"
"68","WAN072021 2021-05-25","Mark.V2"
"69","WAN092021 2021-05-25","Mark.V2"
"70","WAN112021 2021-05-25","Mark.V2"
"71","WAN122021 2021-05-25","Mark.V2"
"72","WAN132021 2021-05-25","Mark.V2"
"73","WAN142021 2021-05-25","Mark.V2"
"74","WAN152021 2021-05-25","Mark.V2"
"75","WAN162021 2021-05-25","Mark.V2"
"76","SIP012021 2021-05-26","Mark.V2"
"77","SIP032021 2021-05-26","Mark.V2"
"78","SIP052021 2021-05-26","Mark.V2"
"79","SIP062021 2021-05-26","Mark.V2"
"80","SIP072021 2021-05-26","Mark.V2"
"81","SIP082021 2021-05-26","Mark.V2"
"82","SIP092021 2021-05-26","Mark.V2"
"83","SIP102021 2021-05-26","Mark.V2"
"84","SIP112021 2021-05-26","Mark.V2"
"85","SIP122021 2021-05-26","Mark.V2"
"86","SIP132021 2021-05-26","Mark.V2"
"87","SIP142021 2021-05-26","Mark.V2"
"88","SIP152021 2021-05-26","Mark.V2"
"89","SIP162021 2021-05-26","Mark.V2"
"90","WAN142018 2018-08-13","Mark.V1"
